id,name
0,정효현
1,오현혁
2,박채진
3,양우원
4,김서원
5,김성진
6,김유인
7,안제한
8,한현린
9,이성호
10,강소연
11,김준찬
12,이주희
13,김규윤
14,우윤정
15,조원빈
16,하연주
17,김동호
18,이연아
19,진성원
20,김유리
21,이겅섭
22,양여경
23,전홍유
24,이슨주
25,유상수
26,정연원
27,안종준
28,임서우
29,이병주
30,조민연
31,김청주
32,문예진
33,김재석
34,정하은
35,최주진
36,이유은
37,김균효
38,김하주
39,김현석
40,최효주
41,고민현
42,오가진
43,김재균
44,윤저현
45,류창희
46,이서서
47,서홍민
48,박지린
49,이현호
50,박성연
51,이봉현
52,박주연
53,남재균
54,우혜나
55,김건훈
56,김채아
57,진진성
58,조민연
59,장벙보
60,최소현
61,오강항
62,노세빈
63,노영운
64,최가희
65,김용주
66,김주민
67,김지혁
68,서윤연
69,김재희
70,권민원
71,송성욱
72,정지현
73,이성현
74,고서서
75,이성인
76,유연연
77,최운로
78,한유은
79,김근현
80,이지현
81,제지환
82,전세희
83,민찬연
84,김유서
85,박경아
86,유혜서
87,윤성수
88,최채경
89,박경준
90,민유라
91,김동익
92,김희연
93,송주석
94,강윤영
95,진낭우
96,여혜어
97,손병주
98,전가인
99,이성흔
100,이시현
101,강세원
102,윤소연
103,박원원
104,이채진
105,이주주
106,홍유서
107,송민현
108,김유연
109,이인민
110,신세연
111,장동찬
112,박서연
113,이현삭
114,배아연
115,김태숭
116,김세경
117,김동욱
118,황수나
119,서주준
120,김유운
121,임승빈
122,권서희
123,김영민
124,김예인
125,이동견
126,최수연
127,윤진성
128,홍수저
129,이재희
130,한서현
131,김공열
132,안예서
133,박동석
134,정민진
135,정지성
136,민주지
137,남경준
138,김도원
139,이정준
140,강시연
141,김광규
142,최아은
143,현민란
144,김소서
145,정예현
146,박은지
147,변승주
148,이민영
149,송세석
150,오서희
151,이형성
152,윤현현
153,이창진
154,김혜지
155,김홍운
156,금유은
157,박수재
158,노오혜
159,최동연
160,김저연
161,한홍환
162,방지안
163,박상호
164,홍유서
165,한형현
166,박주현
167,장숭흔
168,박민현
169,천성우
170,김서원
171,신선준
172,최지혜
173,정원형
174,박서솔
175,오원성
176,김시시
177,이동현
178,이서수
179,박제태
180,이호서
181,양동모
182,황유윤
183,이찬선
184,김소연
185,김연훈
186,김애연
187,김요우
188,이혜희
189,김현긴
190,조태경
191,김긍화
192,길서연
193,윤창배
194,이예원
195,박지원
196,이서연
197,김성환
198,김지진
199,강운환
200,김지희
201,이민연
202,신유현
203,김준완
204,이예안
205,주승진
206,남서은
207,김상주
208,조미서
209,박조석
210,최수현
211,김굥민
212,백수원
213,이자재
214,서주현
215,이영찬
216,최유진
217,김주흔
218,신유애
219,김동만
220,박서윤
221,최도호
222,박하민
223,현형연
224,김은재
225,황정수
226,여민빈
227,백해현
228,서은현
229,박상원
230,조혜연
231,이도운
232,이세연
233,이군우
234,김서전
235,이군산
236,정민현
237,조영신
238,김다연
239,고영민
240,강현련
241,최준채
242,이서연
243,이도현
244,김서라
245,이현우
246,김저진
247,정동원
248,손서서
249,이채규
250,황서연
251,김진면
252,이예은
253,김동민
254,김예연
255,임용원
256,신연원
257,박주우
258,유유경
259,김긴환
260,김수민
261,송훈견
262,김주희
263,오현천
264,윤주빈
265,강미재
266,손시연
267,김민억
268,정지안
269,최현긴
270,이소현
271,방주진
272,황인솔
273,신승현
274,윤유연
275,박정현
276,차도수
277,이재원
278,김보현
279,한희운
280,조민은
281,오중운
282,김지안
283,신천성
284,구다민
285,이주혼
286,윤서연
287,안준후
288,박수연
289,최겅인
290,원소현
291,이강한
292,신새린
293,박민조
294,손지은
295,박건현
296,강도원
297,최재유
298,배지연
299,신동운
300,김윤진
301,천저영
302,박연안
303,윤재환
304,조주연
305,강항진
306,김다진
307,천병원
308,최혜진
309,김운본
310,고세은
311,유태훈
312,이수안
313,윤재주
314,조희연
315,이횽호
316,엄유윤
317,김대연
318,김수린
319,김주용
320,최수성
321,박민호
322,김유서
323,기의헌
324,윤서린
325,최민현
326,임휘아
327,황전소
328,장지은
329,김성섭
330,오다서
331,엄춘훈
332,권수진
333,박대혼
334,김지혜
335,김현오
336,김유영
337,홍인운
338,김가호
339,한변수
340,장소린
341,엄주진
342,강조지
343,김주태
344,박규영
345,김항찬
346,주채은
347,권용창
348,손새주
349,권진운
350,김유현
351,최상운
352,김예민
353,이지규
354,이희연
355,정벙로
356,서주윤
357,하대회
358,오희진
359,김형존
360,김가연
361,임민녕
362,정현현
363,박형현
364,백서경
365,김희진
366,장수호
367,신종규
368,조지경
369,김종동
370,김민윤
371,강찬희
372,심시서
373,고정훈
374,정다빈
375,강진능
376,백서형
377,김재렬
378,송현연
379,진동호
380,정저련
381,이용요
382,노푸령
383,김연찬
384,서유윤
385,심신원
386,김가연
387,이춘인
388,유수현
389,조잔호
390,하효빈
391,김도규
392,김서영
393,이진순
394,이혜은
395,현상연
396,김혜연
397,유지현
398,서유윤
399,김동호
400,김지아
401,서동건
402,강예은
403,반운호
404,박지슨
405,김진석
406,임유라
407,김성환
408,정지진
409,김민호
410,김고주
411,윤동인
412,김지연
413,최재환
414,이주원
415,김태찬
416,배주진
417,전현호
418,김혜경
419,최재피
420,박아영
421,김운숙
422,박소인
423,김원견
424,김채지
425,금재서
426,이지정
427,류성욱
428,고연정
429,류민선
430,신소우
431,김균승
432,배지수
433,신윤용
434,신채린
435,이성윤
436,유서현
437,안항범
438,김하저
439,류상웅
440,이지진
441,우태력
442,노유원
443,장전성
444,안희현
445,정민한
446,김승연
447,김주민
448,이지영
449,최수운
450,김성진
451,김준홍
452,김예연
453,김건순
454,김수예
455,이태호
456,최지빈
457,임존유
458,배지우
459,채주석
460,김주원
461,손춘준
462,강가민
463,김승운
464,오세현
465,박희연
466,송서민
467,이승진
468,신지현
469,박횽완
470,공수민
471,최유견
472,정나은
473,오태연
474,장연민
475,김현재
476,원예안
477,이찬태
478,이수서
479,채혼순
480,조유현
481,김지락
482,이수은
483,김조유
484,이하윤
485,이윤성
486,조서연
487,권홍현
488,박혜연
489,이지일
490,강규나
491,박민태
492,양예연
493,김승민
494,배수호
495,임성석
496,김소진
497,이승현
498,김지현
499,황진라
500,권채윤
501,이조세
502,윤하원
503,정성현
504,전예우
505,곽조찬
506,김민경
507,장강번
508,강주연
509,김간현
510,이예연
511,정준연
512,오고빈
513,최권연
514,추연현
515,박동원
516,김다원
517,이우연
518,김민연
519,이기신
520,이수안
521,정호민
522,배승나
523,윤주후
524,최현현
525,손종호
526,김서현
527,오성운
528,이현주
529,서주균
530,이시연
531,이상헝
532,박다경
533,박용민
534,김재민
535,이승윤
536,조아저
537,이상효
538,정저원
539,윤전호
540,정주연
541,김민연
542,이사은
543,송주문
544,박오영
545,박재현
546,박윤안
547,이재진
548,박지서
549,김진삭
550,손예빈
551,박재근
552,박아희
553,김성준
554,손세화
555,김규우
556,김미진
557,윤희호
558,박새주
559,장겅성
560,최지영
561,이창현
562,이윤예
563,유승현
564,정유진
565,신상준
566,송민현
567,임원현
568,정희서
569,이연연
570,정유지
571,박민현
572,이채은
573,김당현
574,윤수은
575,배진릴
576,나소준
577,정지견
578,국희늘
579,박도원
580,윤서은
581,김경준
582,김혜현
583,공재혼
584,남가민
585,오대호
586,최서민
587,조광현
588,장세연
589,박진영
590,성지원
591,박겅빈
592,한태수
593,제연근
594,신현연
595,정주석
596,백채은
597,박중민
598,최민희
599,현미원
600,강지서
601,한진견
602,박다서
603,최병진
604,김차진
605,정승역
606,안지연
607,유형원
608,이지진
609,윤희운
610,이지수
611,이동훈
612,이의정
613,임토석
614,김성경
615,황범형
616,이서희
617,송덩준
618,김서진
619,박지민
620,전혜은
621,나이윤
622,황서나
623,임용희
624,김지연
625,김주원
626,정차호
627,이인현
628,이혜서
629,이긴현
630,신도안
631,이병사
632,윤주은
633,최병번
634,윤미희
635,황왕완
636,박예린
637,송원형
638,정은민
639,박준주
640,이도다
641,김운운
642,오소은
643,윤진균
644,김예빈
645,김동호
646,조지진
647,김상후
648,김승윤
649,양성호
650,한저영
651,안역민
652,송지연
653,고준현
654,권미서
655,김종호
656,서성진
657,권재민
658,조지아
659,조준현
660,서다연
661,최동견
662,김저진
663,진시영
664,손수아
665,김긴민
666,최민빈
667,나군규
668,신희윤
669,전인재
670,신예현
671,임홍환
672,안지은
673,김성선
674,손수주
675,최광훈
676,최저연
677,김현식
678,김채연
679,구동민
680,정하아
681,정성선
682,이수연
683,김태태
684,유민우
685,김주호
686,우주영
687,엄전호
688,김지소
689,김성섭
690,서서주
691,정홍순
692,최유주
693,최재주
694,나세저
695,김정준
696,조지연
697,류승연
698,도미진
699,조준우
700,김소주
701,최진운
702,김다준
703,유지형
704,심유민
705,최긴봉
706,최민현
707,전연고
708,이고서
709,김상우
710,유은현
711,박종호
712,박다빈
713,이주훈
714,정서은
715,임동시
716,최수저
717,조재운
718,고예예
719,최유재
720,박서전
721,박진규
722,신수선
723,안인민
724,박지린
725,김성해
726,우유저
727,이태혹
728,정예연
729,이운의
730,홍현서
731,정원석
732,이시은
733,박영수
734,김혜현
735,박동석
736,양지진
737,최찬원
738,이세주
739,김벙번
740,김민서
741,이형유
742,서가원
743,이형성
744,김보경
745,전영영
746,최희지
747,최준석
748,지다린
749,김연희
750,김슨빈
751,김유훈
752,주민연
753,양미현
754,이미진
755,김태언
756,위은현
757,이성견
758,이서윤
759,전태흔
760,최예연
761,이인형
762,정시진
763,조원훈
764,심소연
765,최이익
766,김연우
767,박호사
768,이주연
769,홍유준
770,조태련
771,신기섭
772,하예민
773,최진천
774,정유지
775,박승윤
776,김세연
777,김동운
778,손지진
779,김남준
780,김은현
781,정항현
782,김유경
783,박홍진
784,주응인
785,김동철
786,김지은
787,홍현재
788,남견주
789,주유서
790,이민원
791,조상조
792,서현윤
793,조성환
794,최서흔
795,이준주
796,장혜경
797,김동호
798,양효현
799,이긍운
800,유예진
801,조세인
802,이다영
803,김창성
804,서다연
805,최천훈
806,정수은
807,장승인
808,김서민
809,김성호
810,김연연
811,서광호
812,조유현
813,이수아
814,이승현
815,김성관
816,김예혜
817,김혜운
818,김유소
819,구정우
820,이보린
821,장현순
822,박유린
823,이재현
824,김혀경
825,정민현
826,강유진
827,최문유
828,박희경
829,조형혁
830,서희연
831,윤성호
832,김소민
833,김해환
834,김고진
835,김지호
836,김지진
837,정주현
838,김채진
839,김재운
840,조슨하
841,박류주
842,박혜연
843,안선태
844,주재빈
845,한교긴
846,장현소
847,김장우
848,박아인
849,박승준
850,유예정
851,이지희
852,서연정
853,김종모
854,김지혜
855,황동주
856,유지연
857,백우균
858,윤현지
859,김준현
860,김주안
861,정종원
862,정유전
863,박태의
864,신소민
865,황상현
866,윤이현
867,김용환
868,장수은
869,김수현
870,김지리
871,최연준
872,박서원
873,김면연
874,이주련
875,박민주
876,김다연
877,허형우
878,오소진
879,박성휘
880,정지린
881,이승후
882,곽규영
883,임잔연
884,정혜나
885,윤성연
886,이세현
887,권진긴
888,장현주
889,이찬신
890,서예연
891,지현운
892,송민윤
893,이재형
894,송유진
895,김남준
896,최수원
897,이영석
898,김희현
899,한준주
900,박보연
901,최민석
902,박지연
903,정응빈
904,이세연
905,이종현
906,김혜진
907,박신민
908,장시예
909,김규선
910,유주연
911,김희현
912,송수솔
913,김희현
914,노다연
915,김경형
916,문미은
917,이환호
918,안연지
919,이유운
920,황주주
921,이범용
922,조저윤
923,장윤산
924,김초현
925,정주진
926,권예아
927,최형우
928,엄지현
929,기민호
930,유자안
931,이잔운
932,김가인
933,안태녕
934,한유희
935,임대우
936,이수영
937,김호조
938,김미연
939,송정현
940,황규언
941,주현진
942,이은운
943,장현천
944,윤현민
945,박우순
946,정서연
947,문청훈
948,김민연
949,이민성
950,신수린
951,임동주
952,김수리
953,윤지승
954,고주림
955,김원진
956,이무진
957,박광원
958,최예민
959,정선훈
960,장민우
961,임승준
962,강민연
963,유차규
964,김미저
965,이병진
966,김서민
967,김요훈
968,김저실
969,이희환
970,이연민
971,이후찬
972,김희현
973,이요홍
974,김수란
975,홍인원
976,황연연
977,홍동기
978,김채빈
979,이세민
980,구도빈
981,원현우
982,신지현
983,심제주
984,박서은
985,김지현
986,고진나
987,윤권우
988,김지진
989,최문루
990,이세경
991,권균후
992,백하은
993,이태준
994,박연원
995,김회석
996,이민경
997,송우긴
998,황주라
999,설긴우
1000,이미현
1001,김진규
1002,류지진
1003,허승현
1004,김시연
1005,김전석
1006,장지인
1007,김민석
1008,유현희
1009,윤혀석
1010,박혜아
1011,황면준
1012,류서은
1013,이승의
1014,염서현
1015,이재응
1016,이지진
1017,정인현
1018,이성현
1019,박민성
1020,서수수
1021,진동현
1022,이은진
1023,이운운
1024,최수선
1025,안세현
1026,정유원
1027,조청운
1028,김승현
1029,민운석
1030,조윤빈
1031,배병형
1032,오서영
1033,김지훈
1034,김나연
1035,박운한
1036,함주연
1037,정전진
1038,박규은
1039,김경인
1040,강민린
1041,최준진
1042,손유원
1043,김긴연
1044,김희이
1045,최굥원
1046,이해운
1047,심순우
1048,강서윤
1049,심면보
1050,김현연
1051,김세섭
1052,김아라
1053,노종원
1054,임주연
1055,마종석
1056,김하민
1057,정태현
1058,김혜빈
1059,신규상
1060,이규진
1061,장도덕
1062,김긍영
1063,신홍훈
1064,김도연
1065,김동준
1066,서수아
1067,김우수
1068,박시원
1069,김지호
1070,서소진
1071,김창주
1072,윤채빈
1073,장제호
1074,박서빈
1075,김병근
1076,김서연
1077,최겅현
1078,김지민
1079,김진세
1080,송서연
1081,정상혁
1082,이연지
1083,홍운은
1084,김예현
1085,채재진
1086,김세혜
1087,이성도
1088,배서진
1089,김성성
1090,김주주
1091,양창희
1092,이자은
1093,오승호
1094,김소연
1095,박영현
1096,지규연
1097,최성우
1098,박미람
1099,심현진
1100,정저주
1101,이응석
1102,조혜민
1103,박준시
1104,안다윤
1105,김재석
1106,김여운
1107,전한한
1108,박지연
1109,최승홍
1110,김서아
1111,송낙한
1112,김세연
1113,권민인
1114,최가영
1115,지지현
1116,남소연
1117,김채민
1118,홍채희
1119,송헝준
1120,유승연
1121,조호진
1122,손지원
1123,황현숙
1124,김수연
1125,배재한
1126,김유재
1127,공태민
1128,전세다
1129,노신준
1130,김서진
1131,정성우
1132,김민서
1133,최준환
1134,유해저
1135,최유운
1136,이지은
1137,임호성
1138,강채민
1139,노승도
1140,최서현
1141,유상역
1142,심소서
1143,김정우
1144,임지저
1145,고준권
1146,진수린
1147,전현수
1148,나성은
1149,이의후
1150,조윤은
1151,이천천
1152,강주빈
1153,이운수
1154,우하진
1155,김시태
1156,최은주
1157,최대운
1158,안가민
1159,임민호
1160,박저희
1161,이성준
1162,임하연
1163,김중우
1164,김민양
1165,김형준
1166,양유원
1167,박원태
1168,황다진
1169,최요섭
1170,안유운
1171,박찬준
1172,이세경
1173,임의연
1174,최민민
1175,지주연
1176,이소연
1177,김한현
1178,채주연
1179,조현수
1180,장혜경
1181,이성호
1182,박최원
1183,송민성
1184,박연저
1185,임대인
1186,주나리
1187,김영희
1188,안윤림
1189,이형현
1190,박은지
1191,박호후
1192,박연은
1193,주용완
1194,정소린
1195,국세원
1196,김혜리
1197,김버일
1198,최혜저
1199,권환호
1200,김지인
1201,성경준
1202,장서민
1203,박원재
1204,이해영
1205,한면랑
1206,장유희
1207,김의천
1208,김소연
1209,문성수
1210,박시윤
1211,김규원
1212,전소운
1213,남해환
1214,조희현
1215,김준현
1216,조보경
1217,이형인
1218,서현현
1219,임정현
1220,정어연
1221,강재덩
1222,전지은
1223,임하찬
1224,김저예
1225,이승번
1226,백수저
1227,문성재
1228,박예서
1229,지효석
1230,강서저
1231,김성진
1232,김지원
1233,김승한
1234,박도연
1235,강성규
1236,김지빈
1237,홍형유
1238,변유민
1239,박대헌
1240,윤하영
1241,김호원
1242,김효민
1243,임준용
1244,김서진
1245,나전훈
1246,김지연
1247,오조운
1248,김민현
1249,김가벅
1250,이가서
1251,김지호
1252,김은경
1253,조지준
1254,정성민
1255,최항재
1256,정서혜
1257,정승진
1258,추예현
1259,조성민
1260,이어희
1261,김민재
1262,홍수연
1263,황병인
1264,장재아
1265,박재유
1266,박나연
1267,최성찬
1268,김보현
1269,박환인
1270,박예진
1271,박지석
1272,강주원
1273,공석피
1274,배규서
1275,백조진
1276,배현민
1277,임태규
1278,박혜연
1279,문도천
1280,김해서
1281,서상준
1282,오서지
1283,원성환
1284,유소리
1285,백홍훈
1286,이세지
1287,이홍현
1288,유지진
1289,김대환
1290,최민현
1291,이재현
1292,박주빈
1293,김찬민
1294,정지서
1295,황동호
1296,양예하
1297,오성주
1298,김시서
1299,유세후
1300,김수윤
1301,서호현
1302,윤채련
1303,김규주
1304,박민은
1305,김성거
1306,손재영
1307,정진성
1308,박저인
1309,김대사
1310,김하민
1311,한진민
1312,이수진
1313,이윤환
1314,류여우
1315,안태준
1316,주수주
1317,김동인
1318,나의연
1319,신현태
1320,김가린
1321,김진인
1322,안연현
1323,진면석
1324,오지은
1325,정거희
1326,김지민
1327,김항수
1328,김지현
1329,하병석
1330,김호우
1331,김성혁
1332,김유현
1333,이조연
1334,설예현
1335,강형형
1336,이민우
1337,한운영
1338,김희은
1339,한성현
1340,김태윤
1341,조정현
1342,이희빈
1343,김영우
1344,최채민
1345,박성훈
1346,이지은
1347,여간현
1348,정시연
1349,이벙유
1350,심지원
1351,이도몽
1352,이다민
1353,백상욱
1354,김은경
1355,서견시
1356,이주주
1357,강시희
1358,김도원
1359,유동인
1360,유수연
1361,정원숙
1362,신나은
1363,박상재
1364,김소윤
1365,김현사
1366,곽지린
1367,박윤혁
1368,박서지
1369,한동흔
1370,신소연
1371,권영현
1372,배승진
1373,김상수
1374,김여원
1375,한원석
1376,오혀연
1377,이면환
1378,박은빈
1379,천동원
1380,박지민
1381,정현호
1382,안고은
1383,이휘용
1384,최서서
1385,백준민
1386,유예민
1387,박군근
1388,김다연
1389,김민성
1390,남은리
1391,김승번
1392,장주주
1393,김준민
1394,김서선
1395,전주대
1396,김주나
1397,백재준
1398,박이전
1399,신진역
1400,이수저
1401,김재석
1402,임세지
1403,김예연
1404,변소형
1405,김주성
1406,이현연
1407,이형순
1408,김서현
1409,엄성현
1410,김다지
1411,안인형
1412,고서연
1413,장찬원
1414,김이빈
1415,조상수
1416,김현은
1417,이운미
1418,권지진
1419,김영훈
1420,임현연
1421,최정훈
1422,조유희
1423,김대웅
1424,김소민
1425,김성은
1426,오서하
1427,문벙겅
1428,신미진
1429,이벙진
1430,정하아
1431,안성원
1432,이해은
1433,하승태
1434,현승지
1435,이승형
1436,유서채
1437,서전성
1438,정도진
1439,한성태
1440,한주저
1441,임동형
1442,박현빈
1443,강운혼
1444,강최연
1445,김상환
1446,김하빈
1447,박준성
1448,이재린
1449,서규수
1450,문민진
1451,신요재
1452,유세나
1453,김홍기
1454,류소연
1455,이요채
1456,안차연
1457,이남현
1458,박채윤
1459,최추호
1460,이유지
1461,김성린
1462,오유저
1463,이형완
1464,윤지현
1465,송정성
1466,이수연
1467,김인원
1468,김시진
1469,김가석
1470,문서림
1471,이민준
1472,장다주
1473,최규현
1474,유호인
1475,고원혁
1476,진주정
1477,최민훈
1478,이예민
1479,장면유
1480,김서빈
1481,김세성
1482,서민연
1483,김제환
1484,김유신
1485,정예현
1486,박은연
1487,임예환
1488,홍민영
1489,임명민
1490,구태지
1491,홍현재
1492,고이주
1493,안승준
1494,이연원
1495,이재현
1496,차예나
1497,신동성
1498,류혜현
1499,박상헝
1500,신지혜
1501,안재수
1502,이미은
1503,류당재
1504,김소인
1505,최형찬
1506,구윤혜
1507,임재훈
1508,황수아
1509,이민현
1510,유예견
1511,신명현
1512,곽유저
1513,이현진
1514,이은서
1515,하신경
1516,고저영
1517,김겅훈
1518,조소은
1519,모민의
1520,김유한
1521,장세원
1522,이은민
1523,이승석
1524,최민원
1525,박성훈
1526,나주서
1527,최수빈
1528,이다선
1529,이현시
1530,신예현
1531,조병운
1532,윤지은
1533,김성재
1534,제은주
1535,황재환
1536,박소경
1537,조원운
1538,박다진
1539,김승기
1540,서연연
1541,장상호
1542,이수리
1543,최성욱
1544,강소지
1545,이수연
1546,반하연
1547,고성홍
1548,이가정
1549,박세규
1550,최유린
1551,이기호
1552,강서현
1553,신동현
1554,염아인
1555,이민교
1556,진소경
1557,이균혹
1558,이도주
1559,윤윤석
1560,박지윤
1561,문주홍
1562,김민혜
1563,이태현
1564,송세은
1565,이유룡
1566,최희은
1567,김홍균
1568,이현나
1569,오승준
1570,조지연
1571,조상운
1572,박가신
1573,최병현
1574,김예연
1575,표민욱
1576,이윤윤
1577,이유린
1578,권태원
1579,김유남
1580,신진우
1581,최긴천
1582,우아민
1583,이숭몬
1584,김소현
1585,김예시
1586,전가현
1587,문겅현
1588,이지경
1589,서저석
1590,유아원
1591,김희운
1592,안혜연
1593,이진수
1594,신해린
1595,안항호
1596,신사서
1597,김권현
1598,손수은
1599,김동호
1600,고지진
1601,정태연
1602,최연나
1603,조준현
1604,박승수
1605,이당희
1606,김자현
1607,이채화
1608,이아경
1609,황지선
1610,손승린
1611,최기연
1612,김민지
1613,임재현
1614,윤예혜
1615,정창훈
1616,심저우
1617,제승호
1618,서효은
1619,신정수
1620,고세소
1621,박창규
1622,라수민
1623,김창견
1624,이서현
1625,윤형태
1626,김유빈
1627,강지호
1628,조혜윤
1629,김민성
1630,이예아
1631,김성재
1632,서저현
1633,임민연
1634,김예희
1635,주윤규
1636,최조연
1637,이승준
1638,임성빈
1639,강형찬
1640,임수아
1641,최지규
1642,정서영
1643,김종균
1644,윤유소
1645,임봉우
1646,이자소
1647,박항현
1648,강민연
1649,김용준
1650,함수서
1651,이주조
1652,인현혜
1653,차호찬
1654,박소현
1655,이대형
1656,권보연
1657,윤호우
1658,김수진
1659,정주근
1660,김수민
1661,김견우
1662,김서저
1663,이준운
1664,노아민
1665,엄태웅
1666,조나연
1667,류상재
1668,백채빈
1669,이승후
1670,최지경
1671,남원수
1672,정미서
1673,이진면
1674,이혀연
1675,이현권
1676,이저원
1677,김해찬
1678,박민애
1679,박동연
1680,박지연
1681,고성홍
1682,윤초연
1683,안정찬
1684,김성은
1685,양윤연
1686,이주주
1687,김청진
1688,배유연
1689,장대호
1690,최민은
1691,박지운
1692,김은연
1693,이태연
1694,최현진
1695,최민환
1696,정희련
1697,윤준원
1698,성수연
1699,이용규
1700,정연경
1701,이규호
1702,서수서
1703,이영인
1704,장나라
1705,박규민
1706,성희견
1707,안승근
1708,정지현
1709,신주주
1710,김서저
1711,박희민
1712,서수연
1713,성숭호
1714,김혜연
1715,이새한
1716,최민은
1717,심성재
1718,전채빈
1719,이영조
1720,김혜연
1721,박응성
1722,조서연
1723,김한빈
1724,김시수
1725,조상인
1726,김다전
1727,손횽상
1728,정윤민
1729,김해운
1730,안서진
1731,김옹현
1732,전주운
1733,이재긴
1734,김한주
1735,최민욱
1736,황오신
1737,김상준
1738,백서현
1739,조한번
1740,강소지
1741,정민우
1742,김예현
1743,김중표
1744,문연현
1745,김태훈
1746,민예윤
1747,강승석
1748,김유은
1749,진순긴
1750,이서우
1751,김성호
1752,김예하
1753,신경호
1754,현도은
1755,고진현
1756,황하라
1757,김규영
1758,박수지
1759,하준진
1760,정수경
1761,윤광우
1762,장초진
1763,김승주
1764,유유희
1765,장영형
1766,서소연
1767,김태환
1768,김아진
1769,심상환
1770,한가희
1771,이관주
1772,박저연
1773,김승윤
1774,허희민
1775,윤재타
1776,권채연
1777,김운섭
1778,권규빈
1779,최승운
1780,조채연
1781,김태준
1782,서지현
1783,김신주
1784,박유나
1785,김호범
1786,최세연
1787,김수원
1788,전주은
1789,김현현
1790,노세지
1791,최민소
1792,이지이
1793,강간운
1794,박세진
1795,윤민겸
1796,황유정
1797,백민호
1798,이유현
1799,한용민
1800,김연연
1801,정준진
1802,정유우
1803,김재주
1804,김연현
1805,김재운
1806,이희연
1807,장준준
1808,조세아
1809,김형태
1810,김사혜
1811,김성창
1812,김채전
1813,임훈준
1814,이휘진
1815,김현성
1816,최소민
1817,홍창찬
1818,윤예연
1819,장면연
1820,김혜민
1821,유시주
1822,이은예
1823,김조준
1824,김나수
1825,진형우
1826,김고빈
1827,최성주
1828,김주은
1829,윤주현
1830,이서경
1831,고준근
1832,최시솔
1833,김현준
1834,배무빈
1835,이남보
1836,조유연
1837,김규근
1838,김초지
1839,문천진
1840,손모린
1841,한형석
1842,여소영
1843,김성진
1844,이지경
1845,이재웅
1846,이주연
1847,김몽번
1848,신예경
1849,정재수
1850,임태연
1851,이경환
1852,이지지
1853,한망현
1854,김주민
1855,유용한
1856,민승민
1857,김진형
1858,김유빈
1859,라지천
1860,최연효
1861,김재현
1862,이민라
1863,이천준
1864,김채나
1865,한연환
1866,윤예연
1867,남희현
1868,변민은
1869,고동영
1870,지재원
1871,박성준
1872,한윤영
1873,이재인
1874,김지민
1875,송찬현
1876,안나진
1877,김병관
1878,손태경
1879,유조몬
1880,권주빈
1881,양진유
1882,박지현
1883,김재훈
1884,손채안
1885,이태우
1886,홍고연
1887,변창혁
1888,김서지
1889,홍동훈
1890,김지연
1891,전성균
1892,이주서
1893,황헝시
1894,김소린
1895,국찬빈
1896,양서인
1897,김진우
1898,김지연
1899,오주호
1900,김저빈
1901,방용호
1902,나하연
1903,권승호
1904,박지진
1905,한재천
1906,박연현
1907,방세범
1908,양다윤
1909,구홍형
1910,남도경
1911,정조형
1912,이민민
1913,김진유
1914,김가희
1915,남기현
1916,장수진
1917,공춘성
1918,유의인
1919,이면래
1920,이민은
1921,권승덕
1922,문소효
1923,장정운
1924,남주진
1925,최우우
1926,하주민
1927,전경사
1928,류서아
1929,이군호
1930,강하현
1931,강문진
1932,최나민
1933,이항균
1934,유고린
1935,김겅형
1936,박유주
1937,정수혼
1938,박혜현
1939,김환준
1940,장예혜
1941,이민주
1942,김예린
1943,김준완
1944,김주인
1945,이권훈
1946,김저윤
1947,박재평
1948,변최연
1949,최세독
1950,차소도
1951,임성현
1952,최은현
1953,김태모
1954,최혜인
1955,김지인
1956,배지연
1957,정면태
1958,조유희
1959,김정훈
1960,김지원
1961,이동천
1962,서연지
1963,김민우
1964,김주린
1965,황승훈
1966,김아진
1967,윤흥우
1968,조서경
1969,장황찬
1970,홍가현
1971,김우유
1972,권예민
1973,양연석
1974,황서린
1975,정병찬
1976,임의연
1977,이한완
1978,이서빈
1979,손희준
1980,이최예
1981,이현원
1982,강세원
1983,배용균
1984,윤세경
1985,홍용성
1986,김사은
1987,김현현
1988,염성주
1989,이주사
1990,유세리
1991,오호진
1992,안은은
1993,이민훈
1994,정가연
1995,송동현
1996,홍승현
1997,조예천
1998,이희현
1999,오항신
2000,김유혜
2001,오영후
2002,고수원
2003,장긴희
2004,김저인
2005,문경환
2006,신민진
2007,서성석
2008,정세주
2009,최희준
2010,이보연
2011,김재규
2012,곽윤연
2013,황응현
2014,손저은
2015,신종인
2016,고시현
2017,김승환
2018,정보리
2019,이현인
2020,이지미
2021,김희주
2022,전유연
2023,신병현
2024,강지연
2025,김숭재
2026,임자신
2027,송준훅
2028,서수연
2029,김진환
2030,임하은
2031,송응재
2032,박다진
2033,백성령
2034,김저윤
2035,노성환
2036,김다현
2037,정정한
2038,최다은
2039,김엉수
2040,김지민
2041,윤대규
2042,손은이
2043,주형현
2044,조민경
2045,장가현
2046,최하현
2047,최주긴
2048,이민은
2049,김왕성
2050,안재지
2051,정재필
2052,이처원
2053,배면영
2054,이여련
2055,김현우
2056,신지지
2057,이순우
2058,이은하
2059,이승영
2060,김서현
2061,조겅혁
2062,서지은
2063,조대현
2064,이채서
2065,하병환
2066,김수지
2067,김성수
2068,최다진
2069,김상은
2070,서진진
2071,이원성
2072,손현혜
2073,임영순
2074,한서서
2075,김지민
2076,김소안
2077,박혜후
2078,권윤애
2079,이준화
2080,임미은
2081,유진한
2082,김민현
2083,차승후
2084,정채원
2085,이요연
2086,권지진
2087,이동우
2088,서시은
2089,백홍호
2090,최태진
2091,김동진
2092,이윤현
2093,전민운
2094,우다원
2095,권동호
2096,김채현
2097,윤우진
2098,김지형
2099,문영훈
2100,유은재
2101,김제현
2102,윤지저
2103,남응석
2104,박지서
2105,이원훈
2106,심주진
2107,김병현
2108,박세주
2109,박진민
2110,오시서
2111,박채영
2112,신수현
2113,권동용
2114,김사인
2115,신인환
2116,김미주
2117,이진연
2118,김혀린
2119,나희형
2120,박예연
2121,지회하
2122,유지경
2123,한준기
2124,김성연
2125,전면혁
2126,박혜연
2127,장정윤
2128,김수린
2129,이민연
2130,황응수
2131,한준용
2132,조현나
2133,권전환
2134,이가희
2135,이창우
2136,장혜연
2137,임주응
2138,변지경
2139,김효찬
2140,신유림
2141,황종환
2142,이처성
2143,최겅찬
2144,강수경
2145,김진호
2146,이다원
2147,공연권
2148,김자은
2149,이진낭
2150,박세라
2151,이지덩
2152,윤지양
2153,양종근
2154,이지민
2155,이인소
2156,윤은이
2157,박봉균
2158,김주수
2159,정문훈
2160,이수은
2161,채응선
2162,진현연
2163,김형태
2164,최수주
2165,김형현
2166,김연인
2167,전성후
2168,고주서
2169,이진빈
2170,이유빈
2171,박유희
2172,허채연
2173,김제견
2174,박승현
2175,이용옹
2176,천지민
2177,정상찬
2178,김태은
2179,백우변
2180,이서경
2181,김도한
2182,이나안
2183,장상준
2184,최연인
2185,신찬원
2186,정시수
2187,문웅훈
2188,김재주
2189,이시요
2190,박나수
2191,이승창
2192,곽소연
2193,정왕원
2194,윤서서
2195,김준보
2196,박유이
2197,고항지
2198,권미현
2199,권준욱
2200,한수윤
2201,김광원
2202,김현은
2203,신지석
2204,최다리
2205,서종현
2206,문예현
2207,모경석
2208,김예연
2209,양견원
2210,이세란
2211,최상중
2212,김이경
2213,신성운
2214,김예민
2215,장성원
2216,정희수
2217,문헝민
2218,정다빈
2219,엄승혁
2220,김윤린
2221,이재주
2222,김수린
2223,양승원
2224,이민경
2225,김현형
2226,김예나
2227,소승난
2228,김유은
2229,유영호
2230,한수한
2231,김조석
2232,문미윤
2233,양진현
2234,김서안
2235,최도훈
2236,유혜민
2237,석상환
2238,황유연
2239,남산성
2240,나무주
2241,김현성
2242,전주지
2243,이수우
2244,여유빈
2245,김홍영
2246,정희은
2247,한연호
2248,김저연
2249,박기현
2250,배애현
2251,홍도훈
2252,박재진
2253,이주현
2254,한사서
2255,유진현
2256,정혜현
2257,심민호
2258,신무연
2259,전창호
2260,김승현
2261,박정성
2262,유아원
2263,이한우
2264,윤소연
2265,황관현
2266,맹은저
2267,제현연
2268,장지민
2269,신승준
2270,이혜희
2271,하경신
2272,장수빈
2273,원지재
2274,권유빈
2275,이주영
2276,정혜진
2277,조인번
2278,이소경
2279,안동현
2280,박주연
2281,김원제
2282,박서현
2283,박준헌
2284,김아은
2285,박상수
2286,이나인
2287,장운민
2288,신서저
2289,강준연
2290,이가나
2291,서태훈
2292,이사빈
2293,공민영
2294,김소인
2295,홍성현
2296,민시라
2297,문정인
2298,김저혜
2299,김성환
2300,정연원
2301,김전숙
2302,장예연
2303,김긴현
2304,최서연
2305,유요석
2306,정미린
2307,홍환연
2308,구채빈
2309,김성호
2310,이현린
2311,지대성
2312,안주현
2313,정상준
2314,정서연
2315,이상호
2316,신지연
2317,이형원
2318,이가주
2319,김동운
2320,김하혜
2321,서원현
2322,임지연
2323,배한조
2324,김휘서
2325,김준엽
2326,김성진
2327,이경민
2328,홍유리
2329,장승현
2330,함현원
2331,김주성
2332,김다진
2333,김민청
2334,노혜연
2335,권민헌
2336,신유영
2337,이진진
2338,이하채
2339,유상원
2340,이민하
2341,김용준
2342,지유연
2343,장준연
2344,오나주
2345,정상세
2346,문채연
2347,이운선
2348,김예아
2349,김동구
2350,김다원
2351,노이환
2352,여슨서
2353,김영현
2354,김은은
2355,이우후
2356,오혜영
2357,박청열
2358,김연은
2359,이연수
2360,정민연
2361,문승숙
2362,송다지
2363,강운현
2364,박수빈
2365,김승역
2366,정혜리
2367,김누현
2368,정연주
2369,김주연
2370,한보주
2371,이성연
2372,신시저
2373,한원태
2374,유다저
2375,양성재
2376,김혜은
2377,김진화
2378,이소원
2379,이도선
2380,주예진
2381,김조헌
2382,임서재
2383,박종현
2384,홍수영
2385,이승준
2386,황가지
2387,박재우
2388,송해연
2389,조수연
2390,윤가수
2391,최승석
2392,임태연
2393,김진현
2394,고차원
2395,이동원
2396,한혜진
2397,노봉연
2398,장지서
2399,김신성
2400,오태저
2401,김예영
2402,정유현
2403,조면휘
2404,유서현
2405,서선주
2406,이아희
2407,조성현
2408,김서민
2409,안홍숙
2410,김채진
2411,윤겅환
2412,김유경
2413,손황희
2414,강서은
2415,신상현
2416,이저민
2417,이재몬
2418,최현은
2419,이상진
2420,이형원
2421,박응덕
2422,최재현
2423,정동윤
2424,김은우
2425,이주호
2426,오주저
2427,고동진
2428,김서은
2429,이진재
2430,박재빈
2431,최원호
2432,강시은
2433,이선호
2434,박서윤
2435,허상푱
2436,이하진
2437,임운재
2438,이유린
2439,조운재
2440,주지우
2441,전동규
2442,윤서린
2443,임승훈
2444,이채연
2445,김준석
2446,박도연
2447,이도운
2448,정채린
2449,박성헉
2450,최선아
2451,서형제
2452,박최서
2453,이태원
2454,심수영
2455,김겅현
2456,김혜윤
2457,이동한
2458,최다현
2459,강영찬
2460,강송민
2461,김상혁
2462,최다신
2463,김동긴
2464,김예예
2465,박관준
2466,김서저
2467,이우호
2468,조지서
2469,김민전
2470,박지원
2471,이주휘
2472,황주현
2473,이준균
2474,김예은
2475,박황환
2476,이혜희
2477,서성수
2478,최예원
2479,최경환
2480,이예민
2481,이형진
2482,김지진
2483,김세주
2484,양하현
2485,장주현
2486,장예린
2487,이용진
2488,강진안
2489,한진민
2490,이소서
2491,이용견
2492,정주민
2493,이세주
2494,김혜연
2495,최성현
2496,안유현
2497,문준현
2498,박주연
2499,최규인
2500,김민혜
2501,도긴류
2502,최혜연
2503,한의현
2504,이지현
2505,박요호
2506,하주연
2507,정준규
2508,김지연
2509,문벙현
2510,김서라
2511,박성희
2512,이민민
2513,장원준
2514,최주저
2515,김찬헝
2516,연소민
2517,정경진
2518,김하민
2519,김대운
2520,백시연
2521,강주현
2522,권유진
2523,이조성
2524,홍시경
2525,박승석
2526,정도원
2527,이민한
2528,송지지
2529,구원훈
2530,김연현
2531,진숭수
2532,김수서
2533,유준민
2534,송민진
2535,최재재
2536,원민민
2537,황도환
2538,강혜서
2539,권창현
2540,이가은
2541,김상진
2542,나채서
2543,오주도
2544,김예원
2545,장긴준
2546,김저재
2547,조준도
2548,염저현
2549,이성현
2550,박예진
2551,류현운
2552,이윤연
2553,박경운
2554,김지지
2555,김지빈
2556,김지경
2557,배제현
2558,김수연
2559,임승욱
2560,이희라
2561,신동사
2562,권유주
2563,이이원
2564,김연린
2565,박조보
2566,박나연
2567,엄재수
2568,이연혜
2569,문주호
2570,강예현
2571,강민운
2572,박지빈
2573,맹준현
2574,한차은
2575,김재환
2576,유현주
2577,이찬현
2578,김민은
2579,신태주
2580,이보주
2581,박주운
2582,이지린
2583,하승운
2584,유나은
2585,남헝천
2586,곽서민
2587,전주승
2588,임주수
2589,김제희
2590,이시연
2591,정힌희
2592,배세윤
2593,장지환
2594,최소민
2595,전재관
2596,남사전
2597,김혜운
2598,강시린
2599,김조성
2600,최하주
2601,편민범
2602,김주현
2603,양준민
2604,김지연
2605,신상역
2606,이은지
2607,백주환
2608,강민연
2609,차지민
2610,연수래
2611,최성현
2612,강은서
2613,김진원
2614,심예저
2615,김정후
2616,이현원
2617,엄겅석
2618,이서수
2619,최겅희
2620,오수지
2621,이진번
2622,김소은
2623,권동용
2624,김민윤
2625,유호영
2626,김유빈
2627,주희관
2628,우혜은
2629,김면후
2630,양예원
2631,이동운
2632,박지솔
2633,이희후
2634,김연민
2635,김지운
2636,김민민
2637,유세순
2638,구소윤
2639,김현주
2640,이선희
2641,박희현
2642,양수현
2643,김용희
2644,박지린
2645,주경해
2646,이수견
2647,이용우
2648,박주원
2649,이주원
2650,김세원
2651,심진형
2652,이혜나
2653,김경세
2654,김소은
2655,이형서
2656,천다원
2657,안규태
2658,장혀윤
2659,김준우
2660,이성은
2661,김겅연
2662,전이민
2663,이지현
2664,이현아
2665,방유서
2666,이미연
2667,송정호
2668,박다빈
2669,김인구
2670,한이연
2671,전채래
2672,강세원
2673,최재준
2674,김혜진
2675,이민우
2676,조하련
2677,고현상
2678,심지진
2679,김동새
2680,최지민
2681,육태인
2682,정미희
2683,김승재
2684,김소현
2685,최지준
2686,김재윤
2687,이운호
2688,박저은
2689,박승유
2690,임주아
2691,박영환
2692,박소신
2693,최용호
2694,송지서
2695,김상수
2696,안다영
2697,김승헝
2698,오은인
2699,김도도
2700,최수진
2701,엄상호
2702,고저연
2703,서지한
2704,조지윤
2705,김청선
2706,김근채
2707,손종규
2708,김연린
2709,최태민
2710,정다늘
2711,김현인
2712,윤지혜
2713,박미은
2714,김주호
2715,최동지
2716,이하지
2717,한상연
2718,최서영
2719,이우환
2720,김은나
2721,최홍현
2722,손서민
2723,조재진
2724,권연빈
2725,조형민
2726,한윤영
2727,박형면
2728,정윤빈
2729,조준형
2730,박다연
2731,나성인
2732,김하연
2733,박준문
2734,안유연
2735,김찬혼
2736,유혜빈
2737,이대호
2738,이민련
2739,김동식
2740,김서나
2741,전경혁
2742,방예빈
2743,김창연
2744,김윤연
2745,지병번
2746,정승지
2747,김주준
2748,박서진
2749,신현연
2750,최혜민
2751,김재숙
2752,오유주
2753,이현석
2754,최다은
2755,손성빈
2756,오소아
2757,장민호
2758,박연애
2759,우영훈
2760,유성연
2761,김준석
2762,고지서
2763,최성완
2764,홍아원
2765,한태순
2766,장은현
2767,강재환
2768,김저지
2769,채진진
2770,이나은
2771,김병우
2772,이보주
2773,이숭현
2774,김유주
2775,임성철
2776,한현연
2777,이원민
2778,양예하
2779,양덩민
2780,강연재
2781,노진석
2782,강서연
2783,조제혼
2784,박지현
2785,김상민
2786,김수인
2787,이우현
2788,전은진
2789,김영우
2790,김지빈
2791,김응민
2792,강현연
2793,윤지재
2794,임채연
2795,김민보
2796,성민우
2797,강주면
2798,이서경
2799,현태주
2800,이유영
2801,이제현
2802,이현은
2803,엄정찬
2804,김효희
2805,강준수
2806,나희진
2807,윤성주
2808,김소서
2809,박상훈
2810,김은애
2811,손진인
2812,이소빈
2813,김긴진
2814,김희연
2815,구영건
2816,정지서
2817,정요진
2818,전규연
2819,강한화
2820,최소진
2821,이유성
2822,김민린
2823,문민우
2824,박민민
2825,염동호
2826,김소윤
2827,장민운
2828,권고빈
2829,이동연
2830,한민희
2831,여인번
2832,박가연
2833,이재호
2834,이지연
2835,조승희
2836,박민은
2837,임태희
2838,안현린
2839,오진성
2840,하민은
2841,홍우규
2842,박예은
2843,김동석
2844,노지원
2845,정성환
2846,윤혜진
2847,윤창태
2848,김세린
2849,권정운
2850,이지현
2851,곽민운
2852,김지은
2853,문변호
2854,송가진
2855,이지한
2856,안유경
2857,전진규
2858,장슨영
2859,전운재
2860,정서연
2861,유호현
2862,조서리
2863,천연규
2864,이초연
2865,윤진환
2866,김현경
2867,원태헌
2868,이혜윤
2869,고현준
2870,김보희
2871,정형현
2872,이수윤
2873,오동후
2874,이미솔
2875,신성고
2876,김민진
2877,기현훅
2878,홍서인
2879,김재연
2880,김수나
2881,권창호
2882,김도서
2883,홍재준
2884,김무린
2885,전요홍
2886,김지윤
2887,김영호
2888,주지현
2889,김정진
2890,김시린
2891,최창문
2892,김규진
2893,조정재
2894,김아현
2895,문재연
2896,안윤진
2897,이조준
2898,조지희
2899,유병석
2900,장하진
2901,이신형
2902,김시나
2903,노준환
2904,김유전
2905,권서훈
2906,김유연
2907,홍호석
2908,박미은
2909,김동호
2910,오연현
2911,최민성
2912,오고빈
2913,김종연
2914,홍재희
2915,김정호
2916,윤현현
2917,권승호
2918,김지민
2919,김균운
2920,윤유나
2921,이경홍
2922,노조원
2923,방항하
2924,김수은
2925,김주석
2926,김연연
2927,정경우
2928,김세경
2929,진태혁
2930,조수린
2931,장현규
2932,성세연
2933,김수벅
2934,박하예
2935,김희원
2936,최현현
2937,배윤혁
2938,공다원
2939,문수운
2940,추하원
2941,강신현
2942,임하연
2943,김순영
2944,양서원
2945,이정호
2946,김수영
2947,김중현
2948,한미윤
2949,이현혁
2950,오혀라
2951,박지주
2952,김유민
2953,김재민
2954,김주연
2955,권종우
2956,임유나
2957,박성영
2958,강서진
2959,박류견
2960,최예진
2961,김주준
2962,김서윤
2963,김진조
2964,김혜저
2965,박승현
2966,김서형
2967,김훈태
2968,조보서
2969,김민근
2970,김서영
2971,김찬허
2972,양도연
2973,양현유
2974,장유진
2975,주병웅
2976,윤주경
2977,김긴현
2978,양시영
2979,김재진
2980,서서아
2981,정도민
2982,김세서
2983,이재원
2984,신유연
2985,이상현
2986,지유재
2987,이대수
2988,최세은
2989,정효호
2990,김서진
2991,최상성
2992,전세은
2993,박산성
2994,김지원
2995,양태준
2996,손현연
2997,강민한
2998,임보원
2999,김성훈
3000,최지은
3001,송현영
3002,이도원
3003,김태원
3004,이지경
3005,김동석
3006,강서은
3007,김윤현
3008,강지원
3009,임조연
3010,나승연
3011,박찬랑
3012,김혜은
3013,김성긴
3014,김지원
3015,김진운
3016,김세희
3017,엄진형
3018,김은연
3019,김용형
3020,윤다린
3021,안성준
3022,유지비
3023,한지모
3024,신채아
3025,이종호
3026,윤지지
3027,정정인
3028,임지은
3029,서성민
3030,최은진
3031,박상문
3032,서시빈
3033,이영원
3034,유미윤
3035,김규승
3036,박지저
3037,박재진
3038,조봉현
3039,박교완
3040,임여진
3041,김저오
3042,최수민
3043,곽태훈
3044,김채민
3045,전친긍
3046,박혜린
3047,안신긴
3048,임서서
3049,박준현
3050,정채연
3051,오정준
3052,이성애
3053,강병영
3054,오다하
3055,장태운
3056,강저진
3057,김승규
3058,권유현
3059,이균요
3060,이보연
3061,김회준
3062,김견진
3063,조응호
3064,이예영
3065,김재긴
3066,김예은
3067,유지원
3068,홍서윤
3069,박연운
3070,최주린
3071,김정수
3072,지수연
3073,김성환
3074,손윤연
3075,최둥호
3076,이예인
3077,정벙형
3078,도현경
3079,김병혹
3080,신시은
3081,송봉수
3082,라유윤
3083,김종제
3084,김지주
3085,이봉준
3086,이성현
3087,차운현
3088,박민인
3089,김영진
3090,권보양
3091,남운민
3092,김예나
3093,강정주
3094,김예진
3095,김민성
3096,박은인
3097,서승훈
3098,차의민
3099,윤효운
3100,박지민
3101,신정혁
3102,정서진
3103,신승영
3104,김혜원
3105,임승호
3106,신민원
3107,한형휘
3108,김윤하
3109,류용희
3110,최서희
3111,심성형
3112,정지연
3113,백면민
3114,백서연
3115,김상원
3116,최미은
3117,전형현
3118,박차희
3119,최정순
3120,방수연
3121,허동현
3122,홍민주
3123,이균준
3124,이나빈
3125,정성현
3126,김희경
3127,이민균
3128,이한현
3129,한병주
3130,유승서
3131,김성호
3132,이유윤
3133,이병석
3134,안새현
3135,김승현
3136,정연민
3137,김성배
3138,최승현
3139,정찬운
3140,박미민
3141,심홍긍
3142,정하경
3143,김상유
3144,이무우
3145,전재원
3146,이해진
3147,강태우
3148,정지저
3149,이대찬
3150,유미저
3151,조시운
3152,허현운
3153,유영면
3154,김수진
3155,김재환
3156,김태아
3157,서재원
3158,변소영
3159,이응석
3160,김수연
3161,송성진
3162,권유안
3163,백응호
3164,전소윤
3165,이태영
3166,김응연
3167,최정준
3168,김현은
3169,김태현
3170,송유나
3171,조벙영
3172,김수연
3173,이채긍
3174,이다연
3175,함간훈
3176,강아리
3177,문세우
3178,윤민민
3179,조강석
3180,양사혜
3181,이영견
3182,최서빈
3183,박희찬
3184,구주현
3185,성진희
3186,이시나
3187,최세준
3188,김유은
3189,김형상
3190,김서흔
3191,김영벅
3192,김이민
3193,문동운
3194,문혜린
3195,김동제
3196,이지민
3197,배재욱
3198,정예나
3199,강민후
3200,윤지준
3201,한숭운
3202,배수현
3203,이진후
3204,김지빈
3205,김지섭
3206,김다연
3207,양윤우
3208,김채린
3209,조영석
3210,유다견
3211,정횽선
3212,이서연
3213,이권규
3214,전서진
3215,류동앙
3216,홍연아
3217,최연용
3218,김수경
3219,박형군
3220,김유희
3221,김재연
3222,정혜연
3223,방성현
3224,우소경
3225,이규교
3226,조저연
3227,이지군
3228,전혜지
3229,최회재
3230,강민진
3231,김찬수
3232,이혜연
3233,김재재
3234,원주영
3235,신상우
3236,안주연
3237,이창석
3238,전다연
3239,박영관
3240,김도린
3241,이주수
3242,강혜준
3243,최면민
3244,양윤연
3245,김병주
3246,한혜진
3247,김성현
3248,황서희
3249,박현재
3250,이소은
3251,신동천
3252,최채린
3253,박정연
3254,우주현
3255,김원호
3256,정서은
3257,신재민
3258,임지현
3259,조성몬
3260,박미희
3261,김홍제
3262,유다원
3263,김주현
3264,황사지
3265,안주석
3266,강사서
3267,최민진
3268,강다민
3269,홍연운
3270,김의진
3271,이지진
3272,최승연
3273,조간민
3274,박나현
3275,이상우
3276,최미나
3277,임동운
3278,이태인
3279,신태현
3280,이우인
3281,한용만
3282,박다진
3283,박견찬
3284,조도진
3285,정미원
3286,이시인
3287,주요진
3288,김혜은
3289,이윤주
3290,임지인
3291,김용석
3292,이혜은
3293,신상군
3294,김하인
3295,정중보
3296,장다소
3297,이재준
3298,박서진
3299,구동창
3300,서가서
3301,전태운
3302,김시윤
3303,김도형
3304,나다유
3305,이찬전
3306,유예안
3307,박경환
3308,홍연앙
3309,하요호
3310,손민민
3311,조청찬
3312,김도혜
3313,김예군
3314,김지연
3315,오승찬
3316,이수서
3317,최재호
3318,이다지
3319,명현유
3320,윤주빈
3321,이세현
3322,윤수나
3323,이지원
3324,이도희
3325,최성몬
3326,최현연
3327,유영훈
3328,백도연
3329,이재혁
3330,이예진
3331,지원수
3332,이지원
3333,홍광현
3334,김지은
3335,유동연
3336,안저민
3337,진인운
3338,김수시
3339,원희윤
3340,송주민
3341,박정와
3342,박유진
3343,안성섭
3344,윤유서
3345,김규령
3346,김서주
3347,유주우
3348,박예저
3349,김윤원
3350,류수연
3351,이연준
3352,함혜혜
3353,최민제
3354,이은빈
3355,정준동
3356,박유연
3357,이긴성
3358,윤나현
3359,양종석
3360,박유주
3361,권보석
3362,변유비
3363,이동천
3364,김세진
3365,윤현웅
3366,김혀진
3367,성광운
3368,박하원
3369,조동원
3370,박지원
3371,박운언
3372,조지진
3373,유형희
3374,하하연
3375,윤재한
3376,이아빈
3377,이대운
3378,한민연
3379,신세사
3380,박나연
3381,이현민
3382,신저은
3383,김주원
3384,배보윤
3385,정주석
3386,박도혜
3387,오정현
3388,곽서연
3389,이상민
3390,이도연
3391,이준석
3392,김윤다
3393,이정숙
3394,이의서
3395,윤병보
3396,이가연
3397,명도훈
3398,윤시원
3399,심재형
3400,최지호
3401,김주섭
3402,강호민
3403,강시균
3404,홍지나
3405,이성상
3406,전유현
3407,추성진
3408,오민현
3409,김현석
3410,김미지
3411,박홍규
3412,허다아
3413,김민연
3414,이사희
3415,홍정혁
3416,서시서
3417,한지모
3418,길다혜
3419,윤원우
3420,주지진
3421,김관표
3422,이혜우
3423,이도규
3424,고지하
3425,김동형
3426,김저연
3427,황조민
3428,김연연
3429,이태한
3430,김유서
3431,김지영
3432,김예안
3433,박장혁
3434,임수은
3435,이진운
3436,조서연
3437,장현온
3438,장모희
3439,양민영
3440,유아현
3441,박조형
3442,이태혜
3443,추재주
3444,정지미
3445,이재성
3446,김혜주
3447,민태규
3448,박저윤
3449,장호재
3450,이희은
3451,조경피
3452,조서진
3453,김경원
3454,방미라
3455,구정진
3456,최지원
3457,박도혼
3458,신유은
3459,이민보
3460,홍민린
3461,조세주
3462,김유아
3463,김상배
3464,조세희
3465,김영규
3466,오최주
3467,윤도겅
3468,모시운
3469,박형흔
3470,한민연
3471,남성석
3472,김가연
3473,남용웅
3474,박세나
3475,이민견
3476,전나희
3477,이세준
3478,유지혜
3479,권재현
3480,박예은
3481,이동규
3482,함유원
3483,이규진
3484,오지인
3485,박동민
3486,황민비
3487,김재혁
3488,임저민
3489,윤종준
3490,정다민
3491,임종빈
3492,양서린
3493,조중석
3494,박소현
3495,강차현
3496,주혜늘
3497,염규앙
3498,양지현
3499,안상호
3500,한의린
3501,박찬서
3502,신다민
3503,조원훈
3504,이지연
3505,이세현
3506,지저아
3507,권성현
3508,김채현
3509,조긍운
3510,김수린
3511,이종주
3512,유희현
3513,홍준혼
3514,유지아
3515,문민형
3516,정민민
3517,임진요
3518,이지하
3519,김성진
3520,박지현
3521,박봉운
3522,박예연
3523,임동호
3524,김수린
3525,김도민
3526,유서경
3527,주경욱
3528,한이연
3529,김동현
3530,김초연
3531,박상현
3532,이저서
3533,최순현
3534,김유은
3535,엄동은
3536,박소희
3537,김민원
3538,배지원
3539,전승견
3540,신아주
3541,박성민
3542,문예주
3543,소창선
3544,최예한
3545,김재오
3546,전태진
3547,박종완
3548,이시진
3549,황현구
3550,김서연
3551,손성민
3552,박지비
3553,이진현
3554,민저희
3555,조주태
3556,김주준
3557,김형군
3558,김저서
3559,백주숙
3560,이다원
3561,서동호
3562,허유진
3563,이응성
3564,양유희
3565,남주현
3566,조이재
3567,주정용
3568,김수연
3569,박동호
3570,강주린
3571,박재요
3572,강은예
3573,조동규
3574,최서현
3575,조재재
3576,유지진
3577,김긍관
3578,윤예빈
3579,노희환
3580,전은빈
3581,이성본
3582,양민은
3583,여창철
3584,홍하현
3585,이정소
3586,임현경
3587,이운재
3588,류희연
3589,유현원
3590,전세빈
3591,강연운
3592,전서인
3593,김형한
3594,김지련
3595,김지성
3596,송미희
3597,임승원
3598,박지원
3599,홍병석
3600,김하현
3601,손성진
3602,박원연
3603,허해휘
3604,장미경
3605,이호재
3606,이세희
3607,김태타
3608,홍은저
3609,이동피
3610,김유혜
3611,홍동환
3612,윤혜원
3613,강수범
3614,김서경
3615,지영호
3616,김민인
3617,여응대
3618,표소진
3619,김겅우
3620,이연연
3621,김찬순
3622,나강민
3623,석한현
3624,정예은
3625,김원호
3626,이서민
3627,박승숙
3628,손서리
3629,김준후
3630,이시원
3631,김동성
3632,조서연
3633,민균준
3634,박유진
3635,안종호
3636,김지진
3637,고중찬
3638,김하나
3639,이저수
3640,박소연
3641,이균성
3642,김수전
3643,정배유
3644,이재연
3645,조준릴
3646,지재연
3647,김진호
3648,정소연
3649,이찬운
3650,고수현
3651,박전환
3652,서예비
3653,강연엉
3654,박연저
3655,손운홍
3656,최긍나
3657,강용연
3658,이채연
3659,김연윤
3660,이미연
3661,박영오
3662,임지현
3663,유도준
3664,김지희
3665,신민재
3666,강다정
3667,박덩원
3668,이재아
3669,송기선
3670,이민린
3671,최성진
3672,이지원
3673,이당찬
3674,양가경
3675,김긴원
3676,백수나
3677,최민로
3678,김서연
3679,유운훈
3680,김은현
3681,김규원
3682,한소언
3683,김경재
3684,김서인
3685,신승카
3686,전가경
3687,윤성인
3688,김소윤
3689,김수영
3690,양민빈
3691,전상환
3692,조혜린
3693,배대현
3694,손지희
3695,홍현주
3696,김서지
3697,심중엽
3698,신서수
3699,김순연
3700,김채경
3701,박전석
3702,강성현
3703,권민원
3704,이채희
3705,염동희
3706,장지희
3707,이기현
3708,김은저
3709,정상현
3710,박저민
3711,이동화
3712,김지서
3713,김세호
3714,이세희
3715,김훈현
3716,박지수
3717,이형제
3718,김혜연
3719,김홍호
3720,김나현
3721,이요훈
3722,권주진
3723,김민희
3724,김은주
3725,김준희
3726,박희연
3727,이이호
3728,김서란
3729,정진진
3730,배하원
3731,이창후
3732,이자연
3733,허한준
3734,조예현
3735,심상인
3736,박미연
3737,이후원
3738,이미은
3739,임세용
3740,임세원
3741,선찬관
3742,노주연
3743,전창원
3744,이수서
3745,김성준
3746,현현희
3747,백주속
3748,송지연
3749,이동원
3750,정저원
3751,이재우
3752,김효연
3753,임경긴
3754,최민현
3755,박옹원
3756,이수진
3757,정승훈
3758,정수진
3759,손재준
3760,김예아
3761,권현번
3762,노유은
3763,이형찬
3764,강지서
3765,김혜몬
3766,김다전
3767,이승준
3768,김예진
3769,유동균
3770,설은민
3771,강대덩
3772,이보아
3773,석희혼
3774,현수진
3775,이혜동
3776,이예원
3777,최주연
3778,최서원
3779,홍성연
3780,김주윤
3781,배진운
3782,손아진
3783,이재고
3784,추은진
3785,이장빈
3786,박예진
3787,안승진
3788,정서경
3789,손재성
3790,박서현
3791,박세고
3792,한미은
3793,이이석
3794,이지희
3795,김원석
3796,최주진
3797,임성준
3798,임성진
3799,김상호
3800,김서혜
3801,이세희
3802,김소지
3803,황전진
3804,문혜빈
3805,서운준
3806,공저민
3807,박상원
3808,박은현
3809,고벙구
3810,최태빈
3811,김상원
3812,김채진
3813,오기군
3814,이지연
3815,안장성
3816,박채란
3817,나항호
3818,김세은
3819,배성원
3820,서은현
3821,이동연
3822,김다현
3823,임윤베
3824,강서슨
3825,이진후
3826,정최연
3827,조동우
3828,장소서
3829,안진민
3830,박저윤
3831,강주형
3832,이저연
3833,이성환
3834,장지은
3835,나호견
3836,서주진
3837,이운우
3838,허나우
3839,최재윤
3840,박민린
3841,정태재
3842,배다진
3843,문광운
3844,구예연
3845,한청희
3846,김민주
3847,김준완
3848,천수하
3849,이민훈
3850,양서윤
3851,김영효
3852,박서현
3853,박주준
3854,윤태현
3855,임운희
3856,정주지
3857,김현서
3858,양수준
3859,김인윤
3860,옥혜희
3861,황상민
3862,김다재
3863,한주원
3864,홍하원
3865,김덩준
3866,최수현
3867,함균우
3868,김미시
3869,이정진
3870,구혜소
3871,정동운
3872,홍겨연
3873,남의진
3874,구혜연
3875,민영빈
3876,이하민
3877,장숭성
3878,정세은
3879,곽주석
3880,윤효현
3881,장원준
3882,표세민
3883,서민재
3884,임진은
3885,전재선
3886,이예현
3887,이재연
3888,김은안
3889,박주희
3890,박지연
3891,조긴준
3892,정하주
3893,배준헌
3894,장송현
3895,김성균
3896,김주영
3897,이휘우
3898,안해현
3899,김현민
3900,박은진
3901,백성순
3902,최현인
3903,오성신
3904,조민연
3905,박민운
3906,전주현
3907,이형운
3908,이호수
3909,이성우
3910,강지연
3911,이현운
3912,심아윤
3913,배수영
3914,김처린
3915,강성형
3916,성은연
3917,조진걸
3918,이하현
3919,최용민
3920,이소연
3921,조진역
3922,홍지민
3923,진영운
3924,박근진
3925,이진준
3926,이지저
3927,이종연
3928,박예연
3929,박재훈
3930,하혜우
3931,정성용
3932,장세원
3933,김구운
3934,이서민
3935,박하운
3936,이나연
3937,최홍찬
3938,박어혜
3939,정준서
3940,김서민
3941,김동규
3942,배수경
3943,백대거
3944,이이연
3945,방형긴
3946,박주은
3947,고진우
3948,김유원
3949,남민준
3950,한지경
3951,김겅찬
3952,이재원
3953,윤낭현
3954,김현원
3955,황용준
3956,정시서
3957,장준규
3958,최저은
3959,김도준
3960,허윤윤
3961,조재현
3962,조아영
3963,박정구
3964,김혜연
3965,이시원
3966,김리원
3967,김영긴
3968,백다연
3969,김영태
3970,강혜서
3971,임민원
3972,김다서
3973,손지견
3974,김민현
3975,김재현
3976,남미연
3977,김형영
3978,장다연
3979,이응원
3980,윤수연
3981,문태영
3982,서다빈
3983,양도영
3984,조지연
3985,이민현
3986,신유서
3987,김균주
3988,김수수
3989,이형원
3990,고유서
3991,최수조
3992,강서은
3993,이긴진
3994,유태진
3995,김병사
3996,주수겅
3997,이승연
3998,윤민현
3999,박민조
4000,유예진
4001,김홍능
4002,여민경
4003,소채배
4004,최수원
4005,유태희
4006,고지란
4007,유진준
4008,고하연
4009,최정우
4010,박희우
4011,박지운
4012,하저원
4013,전수원
4014,이소린
4015,임성우
4016,김소준
4017,장현훈
4018,이저연
4019,김진규
4020,지지안
4021,민재현
4022,김예민
4023,김준릭
4024,한지현
4025,배민석
4026,김소나
4027,박준운
4028,김지희
4029,고운표
4030,김수은
4031,서주혁
4032,안주전
4033,김연빈
4034,김원린
4035,양양찬
4036,오의연
4037,김민주
4038,김유효
4039,조만석
4040,이민윤
4041,정겅찬
4042,이지영
4043,이민재
4044,최가연
4045,심운성
4046,전연은
4047,안준성
4048,조호윤
4049,기영석
4050,김채연
4051,서상현
4052,신예영
4053,편주재
4054,이서민
4055,송유현
4056,윤주린
4057,김태원
4058,이은형
4059,진제현
4060,김가경
4061,김경연
4062,권시인
4063,양의준
4064,김연민
4065,송대현
4066,이혜인
4067,김준호
4068,김해하
4069,장연소
4070,임새인
4071,안병원
4072,김유저
4073,김동원
4074,이가연
4075,권벙하
4076,이희소
4077,유재석
4078,신서민
4079,배승긴
4080,손연진
4081,오진진
4082,유규전
4083,이이진
4084,김세은
4085,최준홍
4086,박어현
4087,이영현
4088,김예준
4089,정승운
4090,양승빈
4091,조성규
4092,한재안
4093,김민성
4094,김예현
4095,최정찬
4096,신새민
4097,강지인
4098,김보연
4099,이재현
4100,김수인
4101,박종현
4102,최수연
4103,고정현
4104,김근경
4105,강원운
4106,문미윤
4107,김재태
4108,김연주
4109,권우린
4110,권지진
4111,김재석
4112,심연른
4113,이영조
4114,김나연
4115,심종호
4116,강미현
4117,김지문
4118,김주라
4119,서윤진
4120,김가슨
4121,정현운
4122,황지서
4123,한민찬
4124,추혜인
4125,김용변
4126,나도우
4127,김한준
4128,신혜은
4129,고홍찬
4130,박소현
4131,최진휘
4132,이다민
4133,나현몬
4134,채지주
4135,양윤관
4136,임저경
4137,이유민
4138,최규민
4139,이상연
4140,김수진
4141,황진영
4142,박지주
4143,윤경벅
4144,박은경
4145,변창민
4146,조저은
4147,정당준
4148,김지현
4149,이병훈
4150,김가연
4151,김재규
4152,김지은
4153,이대준
4154,한지솔
4155,백승호
4156,홍현연
4157,엄성준
4158,구서진
4159,김운호
4160,박유연
4161,박상연
4162,최희저
4163,민횽연
4164,황다서
4165,민현사
4166,서서연
4167,김준인
4168,박서진
4169,김영건
4170,오지현
4171,구성훈
4172,김은라
4173,변재현
4174,송하영
4175,임응한
4176,노유윤
4177,양정원
4178,성지하
4179,박태재
4180,윤하진
4181,김재산
4182,방지현
4183,신세우
4184,조은윤
4185,이지혼
4186,윤주린
4187,석원현
4188,손서인
4189,한병성
4190,이지현
4191,이동구
4192,윤이은
4193,박문재
4194,이저연
4195,전춘연
4196,김지연
4197,윤영민
4198,변주현
4199,손면인
4200,고지주
4201,엄예규
4202,김지지
4203,김연형
4204,조유연
4205,차현준
4206,강은연
4207,오친면
4208,한연린
4209,권상진
4210,윤서연
4211,김성원
4212,문무연
4213,박지준
4214,이민빈
4215,우균현
4216,최유은
4217,하명섬
4218,김지안
4219,윤한섭
4220,김지연
4221,홍성근
4222,김주은
4223,김이성
4224,정지린
4225,이진채
4226,정주경
4227,양관수
4228,이혜빈
4229,김종빈
4230,강수빈
4231,김동은
4232,박수영
4233,민승후
4234,한혀안
4235,이견석
4236,강다연
4237,염시연
4238,이저은
4239,김한진
4240,김서연
4241,이산기
4242,권아민
4243,나해규
4244,이예빈
4245,박성주
4246,송수원
4247,최성견
4248,노저은
4249,진태수
4250,김나진
4251,서면훙
4252,최현서
4253,조건훈
4254,오민진
4255,김영용
4256,김현서
4257,조광현
4258,정채경
4259,김상빈
4260,정하진
4261,김명운
4262,정희시
4263,양영현
4264,이서지
4265,이승조
4266,이현은
4267,김재연
4268,김유우
4269,박희형
4270,박서인
4271,안한원
4272,전혜서
4273,김재과
4274,김민아
4275,이용권
4276,김예진
4277,안주훈
4278,백지민
4279,이상현
4280,이사희
4281,방영석
4282,박윤원
4283,김전민
4284,윤지원
4285,김준준
4286,윤서견
4287,김승훈
4288,권저연
4289,박상천
4290,박민현
4291,최주찬
4292,성다우
4293,한형천
4294,이서연
4295,신민기
4296,장다서
4297,이상서
4298,이도윤
4299,김성우
4300,송소연
4301,김형호
4302,임서나
4303,홍재민
4304,최주서
4305,이승현
4306,백지린
4307,강천성
4308,김연현
4309,성진숙
4310,최주현
4311,임성긴
4312,홍민은
4313,이형원
4314,유혀지
4315,구승준
4316,김하저
4317,김동산
4318,안승채
4319,전찬운
4320,안가윤
4321,김민군
4322,이수린
4323,한재현
4324,배주예
4325,하주주
4326,변희연
4327,김태민
4328,김유은
4329,신운우
4330,전시진
4331,전조운
4332,김민진
4333,서성영
4334,조지원
4335,민성운
4336,방저수
4337,권선운
4338,김현린
4339,이재희
4340,곽채진
4341,황동호
4342,이인현
4343,김현주
4344,오지윤
4345,안지긴
4346,서유지
4347,강진석
4348,한민희
4349,탁준태
4350,황혜연
4351,김지환
4352,나민서
4353,김재우
4354,김혜영
4355,차찬석
4356,이예빈
4357,오종혁
4358,박가연
4359,장병준
4360,이한은
4361,이현운
4362,소세연
4363,박주호
4364,조소서
4365,권장희
4366,홍지우
4367,장형인
4368,김민현
4369,오남민
4370,이저영
4371,원동윤
4372,진수경
4373,조운진
4374,손수정
4375,명정현
4376,윤서민
4377,이우현
4378,남가향
4379,최한류
4380,허현현
4381,김원윤
4382,이보민
4383,이성현
4384,강예민
4385,전진운
4386,전지빈
4387,윤준후
4388,강유원
4389,문경하
4390,허유재
4391,조응호
4392,윤시희
4393,김승원
4394,문지은
4395,이찬환
4396,이저연
4397,노호형
4398,김현성
4399,임종주
4400,김민진
4401,이동롱
4402,정수영
4403,고윤성
4404,서서나
4405,곽세훈
4406,권지현
4407,한병근
4408,한희영
4409,김민운
4410,노지린
4411,이회복
4412,김호은
4413,최운조
4414,임나연
4415,김영해
4416,송수윤
4417,최승유
4418,여저혜
4419,유민현
4420,한규연
4421,유병수
4422,이예른
4423,김종운
4424,현주연
4425,송재희
4426,정예나
4427,정상혁
4428,전주현
4429,안민수
4430,권은빈
4431,이정홍
4432,민지희
4433,박상운
4434,이채저
4435,박준서
4436,박예린
4437,이승주
4438,배시지
4439,방승찬
4440,오예현
4441,황호희
4442,장지경
4443,양민인
4444,장수연
4445,김승우
4446,조소린
4447,박대민
4448,김아이
4449,조재주
4450,이혜미
4451,유민석
4452,이서연
4453,윤주영
4454,김유진
4455,석조현
4456,김주린
4457,이민석
4458,황보은
4459,김승호
4460,김다진
4461,심민진
4462,최어희
4463,송재우
4464,장지연
4465,전산민
4466,전윤안
4467,장승준
4468,오하애
4469,전주석
4470,박어빈
4471,김긴우
4472,김지하
4473,이석민
4474,천서인
4475,박연재
4476,이희연
4477,우준수
4478,이민현
4479,윤전준
4480,진수연
4481,이진운
4482,박어빈
4483,유정훈
4484,황혜민
4485,이승석
4486,허지수
4487,이찬연
4488,서지희
4489,박정성
4490,김다른
4491,손민민
4492,김서흔
4493,조성현
4494,여지저
4495,문상훈
4496,박수연
4497,권준원
4498,김재진
4499,이신현
4500,양유연
4501,김낭혼
4502,방다원
4503,박민운
4504,이초서
4505,연광수
4506,하민현
4507,홍유준
4508,박희연
4509,오상현
4510,김은민
4511,허사운
4512,홍소진
4513,조대주
4514,원리나
4515,유군유
4516,김세경
4517,김동순
4518,김서주
4519,박유원
4520,조연현
4521,황운준
4522,김다윤
4523,김진제
4524,심지린
4525,고우민
4526,강가연
4527,길승운
4528,윤나우
4529,유재인
4530,홍소민
4531,안상태
4532,최하희
4533,박은원
4534,이소서
4535,김겅영
4536,김유수
4537,전준훈
4538,최다희
4539,소응식
4540,김희경
4541,최면희
4542,김예진
4543,황승현
4544,정어연
4545,최응시
4546,이세연
4547,박병원
4548,정혀빈
4549,김승진
4550,황미운
4551,이창관
4552,최혜연
4553,연재영
4554,이예경
4555,신전도
4556,조수연
4557,박대원
4558,임하지
4559,김동석
4560,김채리
4561,정동헉
4562,임사선
4563,박희준
4564,김다림
4565,이현찬
4566,전견하
4567,조원호
4568,하예주
4569,김환성
4570,김지운
4571,김요빈
4572,오소민
4573,김승영
4574,김서연
4575,김경혼
4576,이나련
4577,김휘균
4578,배수서
4579,김민준
4580,박수련
4581,문경석
4582,박효현
4583,임지완
4584,임도연
4585,김승환
4586,노유민
4587,이주인
4588,김다주
4589,최태진
4590,오예저
4591,안민원
4592,라연경
4593,이형민
4594,나혜원
4595,김연운
4596,김하경
4597,문대민
4598,임주현
4599,장봉환
4600,윤현하
4601,김동원
4602,박희진
4603,유영용
4604,남유연
4605,고종나
4606,배지혜
4607,구현현
4608,백시저
4609,강승준
4610,신은원
4611,염수진
4612,이슨연
4613,유재석
4614,신주늘
4615,오도도
4616,조지예
4617,이주준
4618,심세현
4619,김종현
4620,황보은
4621,임형표
4622,이혜원
4623,이승빈
4624,김서민
4625,김창주
4626,권서연
4627,이인현
4628,이채진
4629,박세형
4630,이유린
4631,김민긴
4632,김지리
4633,박재주
4634,오주라
4635,한태연
4636,서주나
4637,하숭사
4638,이지연
4639,양찬준
4640,권유연
4641,최영현
4642,장은수
4643,허재민
4644,송채형
4645,홍현성
4646,김유빈
4647,최강성
4648,노유견
4649,하성석
4650,김지현
4651,박재수
4652,김주인
4653,손운현
4654,이연원
4655,곽환구
4656,이세연
4657,배긴신
4658,한지빈
4659,이세준
4660,박민연
4661,박상인
4662,박미련
4663,도엉선
4664,공가빈
4665,서성운
4666,강소연
4667,박재진
4668,현지아
4669,양상빈
4670,김의현
4671,김동구
4672,권승안
4673,박현현
4674,김지진
4675,정시찬
4676,김은희
4677,이지찬
4678,남윤서
4679,조동서
4680,임서아
4681,강승기
4682,배은진
4683,기겅루
4684,우수희
4685,김홍원
4686,이미은
4687,최광민
4688,차다윤
4689,김동주
4690,양미린
4691,이상속
4692,방하나
4693,김민민
4694,권은나
4695,송형천
4696,김유주
4697,고진견
4698,김서원
4699,노영민
4700,이수연
4701,김창완
4702,정다현
4703,김원번
4704,이혜원
4705,정동원
4706,유유희
4707,이정현
4708,정저원
4709,국성인
4710,이민주
4711,강동찬
4712,윤희서
4713,이성과
4714,김소현
4715,최조호
4716,유세연
4717,이재민
4718,강서연
4719,이회한
4720,조채령
4721,박승호
4722,김유은
4723,최세현
4724,백시지
4725,임숭료
4726,이아연
4727,김대긴
4728,김지하
4729,이세역
4730,박혜소
4731,김대호
4732,김주지
4733,이우준
4734,김지원
4735,김관현
4736,정저연
4737,양영모
4738,박성희
4739,조긴준
4740,이민원
4741,김성후
4742,김지현
4743,이두흔
4744,임현희
4745,오회훈
4746,조지원
4747,표주서
4748,장혜진
4749,이성우
4750,김다연
4751,전태찬
4752,성예연
4753,강대피
4754,홍나민
4755,정동운
4756,박하혜
4757,김상석
4758,오현희
4759,오종원
4760,고혜경
4761,이재현
4762,김채경
4763,정동준
4764,박혜연
4765,박종민
4766,박서연
4767,엄재운
4768,박소연
4769,이정견
4770,이다비
4771,오종준
4772,이예영
4773,이진완
4774,정수원
4775,김동우
4776,김혜민
4777,송승규
4778,구시현
4779,이승현
4780,하유은
4781,정재성
4782,허연연
4783,양동현
4784,정소은
4785,박민석
4786,이지진
4787,유응운
4788,진유진
4789,정응원
4790,주서린
4791,박성태
4792,공다연
4793,나병연
4794,김시현
4795,김태준
4796,이최연
4797,김훈번
4798,지예언
4799,박창긴
4800,임혜빈
4801,이정유
4802,김세아
4803,서면홍
4804,윤지연
4805,신진푱
4806,김지현
4807,전완헌
4808,윤도리
4809,김동찬
4810,곽태서
4811,박세호
4812,신혜현
4813,강지환
4814,김지민
4815,김긴현
4816,이현희
4817,김현숙
4818,송재연
4819,박준우
4820,강희은
4821,하형성
4822,강은린
4823,김명벅
4824,김소현
4825,정성인
4826,문지희
4827,오태운
4828,김태연
4829,남재우
4830,김시민
4831,김희운
4832,이은은
4833,임지벙
4834,안지진
4835,신찬욱
4836,전유전
4837,신현환
4838,정아민
4839,한형환
4840,신소민
4841,김현모
4842,권예준
4843,이대준
4844,김유주
4845,조승형
4846,정저원
4847,이상석
4848,정지린
4849,이원운
4850,유이원
4851,권동우
4852,박지민
4853,정변진
4854,이나현
4855,이태호
4856,손세아
4857,김정연
4858,박자진
4859,김준운
4860,정은원
4861,선진성
4862,임아정
4863,김원석
4864,박승빈
4865,윤재난
4866,홍우서
4867,조현찬
4868,박희예
4869,배조규
4870,정서현
4871,전준환
4872,한서현
4873,서창성
4874,김서빈
4875,민재용
4876,김혜은
4877,임동긴
4878,한예은
4879,이래민
4880,김호나
4881,양지현
4882,황유원
4883,박우인
4884,이연주
4885,김진근
4886,배주진
4887,강재성
4888,이서인
4889,김성희
4890,주저정
4891,김희슨
4892,백지선
4893,김인연
4894,이혜연
4895,이형균
4896,김주연
4897,김성우
4898,최차경
4899,안재민
4900,이현윤
4901,하운석
4902,김서영
4903,김유빈
4904,김저서
4905,김연신
4906,안지민
4907,이도우
4908,제세지
4909,서진형
4910,이유민
4911,신정모
4912,박세주
4913,이병현
4914,김지안
4915,김승운
4916,고민미
4917,김동연
4918,홍은아
4919,황예운
4920,한윤경
4921,송현현
4922,조성연
4923,최춘현
4924,이윤서
4925,황완성
4926,이서빈
4927,정진운
4928,박현주
4929,성찬형
4930,정민린
4931,신주준
4932,임세연
4933,강윤원
4934,이하연
4935,이주성
4936,한현현
4937,김진한
4938,김소연
4939,정상후
4940,김민연
4941,김상진
4942,남현효
4943,고한윤
4944,김한진
4945,김지준
4946,임벼형
4947,김동진
4948,유이연
4949,박운규
4950,홍현은
4951,최현후
4952,양지비
4953,문한우
4954,김다경
4955,박윤성
4956,최소린
4957,남재운
4958,김소연
4959,강창준
4960,최유빈
4961,김상근
4962,차연빈
4963,남현환
4964,성처지
4965,김대변
4966,김소현
4967,윤홍엉
4968,임예연
4969,최대후
4970,권수주
4971,이정원
4972,곽은진
4973,천성완
4974,김수서
4975,박재주
4976,강리진
4977,장창균
4978,정민화
4979,신긍긴
4980,정희진
4981,박창군
4982,박채은
4983,이지준
4984,전민원
4985,안동석
4986,유서영
4987,임종우
4988,정서민
4989,이현훈
4990,김태지
4991,강면준
4992,황서현
4993,유승현
4994,정지경
4995,최영주
4996,이태주
4997,윤영필
4998,박소연
4999,백하건
5000,유수연
5001,방현유
5002,이희민
5003,신민진
5004,신지진
5005,박윤민
5006,황예운
5007,신신연
5008,이지서
5009,하운희
5010,이채영
5011,김상호
5012,조세민
5013,서동우
5014,황수서
5015,박승모
5016,이나현
5017,서상성
5018,윤예연
5019,이재연
5020,홍지빈
5021,허민훈
5022,김민연
5023,한진번
5024,배가하
5025,이균민
5026,김유연
5027,손형성
5028,박세양
5029,함형호
5030,이해현
5031,문신규
5032,홍미소
5033,신민연
5034,이채전
5035,이태진
5036,이민나
5037,이형준
5038,임현선
5039,윤진규
5040,오현진
5041,김재연
5042,김수희
5043,정성훈
5044,윤지서
5045,최관준
5046,김서저
5047,박동희
5048,박시현
5049,하응석
5050,노윤예
5051,강동성
5052,황민민
5053,주인유
5054,김서솔
5055,정진형
5056,김민현
5057,신준훈
5058,김유현
5059,류민찬
5060,민민견
5061,박재안
5062,안수서
5063,배룡긴
5064,이채민
5065,김재용
5066,지서연
5067,이성제
5068,이미혜
5069,김진석
5070,이주영
5071,강민우
5072,백예수
5073,김진호
5074,전나민
5075,이조현
5076,곽시주
5077,이조현
5078,노민진
5079,조준현
5080,김지연
5081,김재도
5082,오보안
5083,최유현
5084,김승은
5085,서태재
5086,김나선
5087,이재환
5088,홍다주
5089,이정연
5090,정인연
5091,김상균
5092,이유솔
5093,김유운
5094,김수주
5095,차연준
5096,임희진
5097,황동현
5098,이수린
5099,배창민
5100,박연린
5101,전재석
5102,김긍희
5103,손승성
5104,임현경
5105,박제연
5106,이은현
5107,이형석
5108,우지현
5109,서유민
5110,홍유원
5111,양벙삭
5112,노희원
5113,박성현
5114,김수형
5115,최신긴
5116,김가형
5117,정동성
5118,이수현
5119,김승한
5120,조연현
5121,최현성
5122,조가연
5123,김동준
5124,이어현
5125,김동운
5126,강은림
5127,최유홍
5128,김혜린
5129,이재인
5130,방소서
5131,박동민
5132,김민현
5133,김형선
5134,고서연
5135,전관진
5136,신소나
5137,최주푱
5138,김재겅
5139,류종우
5140,방저영
5141,천조더
5142,차서미
5143,이현진
5144,정지윤
5145,김승건
5146,안서라
5147,김두범
5148,김주원
5149,엄현성
5150,허하선
5151,안운호
5152,김지연
5153,장주준
5154,유채연
5155,김성성
5156,이민혜
5157,배재민
5158,신혜연
5159,장민환
5160,이다미
5161,도승모
5162,김예은
5163,최동준
5164,박민지
5165,박항찬
5166,조다빈
5167,이성조
5168,반혜미
5169,고태우
5170,서가인
5171,이연호
5172,전유은
5173,신성호
5174,인연재
5175,강민인
5176,김연주
5177,신승우
5178,임이린
5179,박이한
5180,배혜현
5181,장병환
5182,방나연
5183,송정현
5184,조세아
5185,정문제
5186,강지진
5187,정영긴
5188,이민진
5189,양승태
5190,이민비
5191,안문근
5192,강다경
5193,윤세견
5194,김채은
5195,김대준
5196,정저연
5197,조현한
5198,오민진
5199,김운벅
5200,허유연
5201,김병호
5202,남재인
5203,조재연
5204,김보주
5205,장해환
5206,한서슨
5207,장연긴
5208,허서린
5209,한상섭
5210,조채빈
5211,김대민
5212,박은서
5213,김예호
5214,양정원
5215,오정석
5216,최소연
5217,이준료
5218,최연수
5219,오동래
5220,김나빈
5221,최홍현
5222,김채린
5223,김성환
5224,이수현
5225,박봉민
5226,이아린
5227,안둥경
5228,신유예
5229,손운현
5230,이주빈
5231,김유하
5232,김연수
5233,최요호
5234,김하민
5235,김규우
5236,이지지
5237,김전민
5238,심지빈
5239,이순재
5240,심다빈
5241,지지민
5242,노승은
5243,강동요
5244,최하형
5245,권성횽
5246,김미윤
5247,정민수
5248,엄지저
5249,김승훈
5250,문수윤
5251,한현재
5252,윤서현
5253,김헝재
5254,김서린
5255,김봉우
5256,기저소
5257,한정규
5258,권미인
5259,문겅우
5260,김지진
5261,유민형
5262,김세혜
5263,오민주
5264,민수원
5265,이현환
5266,박유운
5267,차희운
5268,홍수지
5269,이연근
5270,김호빈
5271,신청현
5272,박현원
5273,이재석
5274,하슨원
5275,이경준
5276,정연민
5277,김지준
5278,권소현
5279,한예지
5280,황오민
5281,윤민찬
5282,김다서
5283,정균우
5284,이도수
5285,이태찬
5286,류지라
5287,박지호
5288,조유영
5289,유정훈
5290,이예현
5291,허승혁
5292,장아린
5293,조승규
5294,김서경
5295,이현희
5296,김하경
5297,김순운
5298,김저지
5299,이천현
5300,추나다
5301,전저번
5302,이지혜
5303,임준관
5304,김예희
5305,김지휘
5306,이연주
5307,성정호
5308,최현경
5309,김윤성
5310,김효혜
5311,김주신
5312,이유연
5313,이승석
5314,이혜나
5315,김병주
5316,김예형
5317,서종희
5318,이지현
5319,이승훈
5320,김윤수
5321,송영원
5322,김지연
5323,신신준
5324,신새진
5325,김준성
5326,유도진
5327,김지성
5328,김승원
5329,이종헝
5330,맹은서
5331,남상아
5332,김지주
5333,박재규
5334,이연연
5335,송용현
5336,채서현
5337,박형응
5338,윤다연
5339,김지균
5340,남혜경
5341,명운견
5342,김보서
5343,이건섭
5344,이서현
5345,김상견
5346,박혜린
5347,정승조
5348,하예연
5349,박형혼
5350,윤윤전
5351,이성균
5352,임예은
5353,최우인
5354,이현지
5355,박웅영
5356,천민연
5357,이민상
5358,김유진
5359,이형석
5360,하시리
5361,장상면
5362,최미서
5363,김준연
5364,김시애
5365,임병빈
5366,이송현
5367,백재운
5368,이서솔
5369,김준준
5370,이나현
5371,이승삭
5372,최현지
5373,허덩한
5374,고연현
5375,곽승경
5376,이희진
5377,백규호
5378,김연연
5379,이대긴
5380,마아수
5381,정승승
5382,허주진
5383,정준근
5384,유희수
5385,정긍훈
5386,박연라
5387,장민성
5388,허민연
5389,이연운
5390,정도연
5391,김재기
5392,조지원
5393,최준우
5394,강가지
5395,조우의
5396,이주은
5397,이승원
5398,송가린
5399,최운역
5400,채보현
5401,강정희
5402,김다인
5403,박진연
5404,오규희
5405,장민태
5406,서하연
5407,이성현
5408,김소린
5409,박찬신
5410,원지주
5411,김연호
5412,장지주
5413,오희성
5414,우예겅
5415,이강민
5416,이서인
5417,백장석
5418,김유서
5419,김병준
5420,배미은
5421,문정석
5422,김채채
5423,조연성
5424,김다우
5425,조관빈
5426,박주준
5427,강성성
5428,홍하연
5429,김동환
5430,심채진
5431,오균우
5432,석초연
5433,주한호
5434,고채연
5435,김성혁
5436,박아경
5437,권재유
5438,김유지
5439,최승현
5440,김성민
5441,김우성
5442,안지은
5443,윤현무
5444,이현원
5445,김요관
5446,장유정
5447,구병수
5448,고소솔
5449,정지진
5450,윤주현
5451,김의희
5452,김수윤
5453,김정한
5454,성주영
5455,박예희
5456,이승서
5457,김성석
5458,구하림
5459,정태연
5460,이혜아
5461,김재요
5462,허유원
5463,최태석
5464,김가진
5465,전겅운
5466,박소연
5467,정관영
5468,송채원
5469,박현성
5470,김초전
5471,박민이
5472,방태은
5473,이봉진
5474,김규지
5475,이응우
5476,김채민
5477,오창연
5478,최지연
5479,김성석
5480,김지인
5481,양항호
5482,김지지
5483,구지민
5484,오지영
5485,이홍회
5486,최아리
5487,이민석
5488,서서영
5489,김승권
5490,정하현
5491,김종석
5492,문채린
5493,이진숭
5494,이나은
5495,김재억
5496,박현연
5497,김상한
5498,이예예
5499,이희중
5500,최유진
5501,박경용
5502,김수원
5503,조민수
5504,박유서
5505,김형준
5506,김현안
5507,최동원
5508,박자수
5509,박상석
5510,김서은
5511,김진석
5512,김새은
5513,김성창
5514,박은향
5515,손상성
5516,김규연
5517,이성진
5518,최연현
5519,정경성
5520,강나현
5521,강수우
5522,이세수
5523,이송석
5524,최지현
5525,신연수
5526,김나은
5527,오지한
5528,김규준
5529,최재호
5530,박다련
5531,안전준
5532,신수원
5533,김장현
5534,신수민
5535,박창주
5536,이서빈
5537,이홍후
5538,권세민
5539,김정석
5540,최수인
5541,길세석
5542,김하진
5543,이지희
5544,신서연
5545,김동현
5546,정민빈
5547,서찬원
5548,백예영
5549,송진번
5550,박세나
5551,이현우
5552,김수나
5553,정태현
5554,김예영
5555,손전긱
5556,송연민
5557,염태훈
5558,고예아
5559,박용훈
5560,박긍수
5561,김수희
5562,김세린
5563,박겅능
5564,박규지
5565,이재진
5566,김우빈
5567,오성우
5568,이다다
5569,양우원
5570,한태연
5571,윤동현
5572,홍보현
5573,천세모
5574,이차나
5575,박진영
5576,김주현
5577,김요윤
5578,조연현
5579,이항수
5580,정시희
5581,조친면
5582,신현진
5583,유윤찬
5584,김하기
5585,류성란
5586,유아윤
5587,원승훈
5588,오서안
5589,전강영
5590,이주현
5591,김하훈
5592,송지연
5593,김조규
5594,김채주
5595,박상진
5596,전처향
5597,강진형
5598,정현연
5599,최동번
5600,김도은
5601,배호숭
5602,신소진
5603,조문웅
5604,권민인
5605,김성환
5606,박혜지
5607,김전태
5608,최지연
5609,나성서
5610,최지연
5611,장원훈
5612,김지진
5613,이원헌
5614,정효지
5615,이민산
5616,강지진
5617,구영람
5618,홍세저
5619,김긴준
5620,나희현
5621,신두빈
5622,채수혜
5623,이재규
5624,박가운
5625,정견희
5626,박예영
5627,장춘빈
5628,홍소빈
5629,김경지
5630,김혜진
5631,최태호
5632,염최연
5633,장승헌
5634,조유정
5635,김지민
5636,김하연
5637,최주현
5638,이서원
5639,김형석
5640,이채연
5641,박민푱
5642,김주선
5643,이재빈
5644,안소현
5645,류원재
5646,이주우
5647,이기환
5648,송세시
5649,김재현
5650,김해린
5651,김윤연
5652,박민라
5653,윤재성
5654,조규연
5655,서경번
5656,김다연
5657,김숭준
5658,김윤은
5659,김벙수
5660,박혜주
5661,이찬린
5662,한세연
5663,장경준
5664,강주예
5665,김성타
5666,박호빈
5667,박관연
5668,정소연
5669,노동빈
5670,박윤은
5671,남벙연
5672,홍민연
5673,문성호
5674,김승나
5675,정재권
5676,김소원
5677,이숭제
5678,이민라
5679,고용민
5680,최다민
5681,김형환
5682,하수희
5683,박현우
5684,김가민
5685,최재재
5686,김유윤
5687,김태주
5688,이수연
5689,윤당준
5690,김현진
5691,김상석
5692,유가희
5693,김재민
5694,최수아
5695,정재번
5696,이수현
5697,유재빈
5698,조지희
5699,우연석
5700,고유지
5701,최재영
5702,김하주
5703,강긴주
5704,박유연
5705,김현진
5706,강수영
5707,이성현
5708,류다연
5709,김진현
5710,안사지
5711,김호희
5712,김민아
5713,권재수
5714,손저지
5715,이훈현
5716,이수희
5717,최과영
5718,서희은
5719,배종우
5720,송서진
5721,김윤승
5722,최나은
5723,이진창
5724,이리주
5725,김동연
5726,하현현
5727,황진승
5728,허소현
5729,하재훈
5730,김주나
5731,박승후
5732,강사연
5733,박예형
5734,문소시
5735,박면현
5736,김서영
5737,김현인
5738,문민연
5739,박현보
5740,심유연
5741,배동희
5742,정시진
5743,배현석
5744,조서현
5745,김한운
5746,민가수
5747,배지빈
5748,김유은
5749,이인혁
5750,이유민
5751,황주호
5752,양예연
5753,김민원
5754,이지우
5755,김인호
5756,곽채혜
5757,이주현
5758,양유원
5759,홍횽우
5760,한민지
5761,장후견
5762,이채진
5763,박규선
5764,이민연
5765,김연영
5766,조민원
5767,문찬해
5768,윤지원
5769,이재호
5770,송지현
5771,연겅혹
5772,한소은
5773,박현원
5774,임서진
5775,강태만
5776,양서예
5777,김균문
5778,유주연
5779,정현요
5780,박예은
5781,안민호
5782,김수소
5783,전희호
5784,정희수
5785,양병빈
5786,김슨연
5787,오동준
5788,김지혜
5789,이정재
5790,양민안
5791,최신호
5792,장예저
5793,성희주
5794,권혜연
5795,이운운
5796,이세연
5797,최도재
5798,노현영
5799,문응승
5800,문지현
5801,함주현
5802,윤주연
5803,윤현호
5804,이지저
5805,문형면
5806,이유윤
5807,유현연
5808,박연현
5809,박재빈
5810,김예진
5811,이기민
5812,김유안
5813,안성성
5814,오수지
5815,노연석
5816,심수민
5817,이성재
5818,임소지
5819,이준윤
5820,명다우
5821,강병석
5822,정효선
5823,정벙현
5824,김재진
5825,구동긴
5826,유미진
5827,이성재
5828,이시진
5829,김주원
5830,전보주
5831,이성현
5832,고서운
5833,윤청성
5834,이소연
5835,이진희
5836,이무빈
5837,조동후
5838,김소연
5839,이형헉
5840,김나윤
5841,김태헌
5842,남승운
5843,이태호
5844,정윤아
5845,최동운
5846,오지연
5847,방현현
5848,위민연
5849,조동호
5850,양소하
5851,김윤상
5852,고지연
5853,송성수
5854,이민연
5855,박민삭
5856,정수현
5857,홍민균
5858,박지윤
5859,장상영
5860,임유연
5861,박연근
5862,윤지수
5863,차천우
5864,강유경
5865,윤웅몽
5866,이희아
5867,손영천
5868,정윤수
5869,박재배
5870,안미서
5871,최윤후
5872,김새빈
5873,장동숭
5874,임수운
5875,김상운
5876,이미연
5877,이병민
5878,송지희
5879,이민관
5880,오가수
5881,심성천
5882,김다연
5883,조지혁
5884,박승원
5885,김현수
5886,강유희
5887,노재영
5888,송도경
5889,구응연
5890,윤미희
5891,김원역
5892,이아현
5893,이승준
5894,최연아
5895,이세우
5896,이윤현
5897,김유운
5898,안태현
5899,정재훈
5900,이예라
5901,조상준
5902,송유선
5903,최태한
5904,김유윤
5905,이동근
5906,정서진
5907,이대민
5908,김민안
5909,이지준
5910,김혜혜
5911,이홍민
5912,박채진
5913,이지준
5914,안미서
5915,한성몽
5916,남연진
5917,진지재
5918,조지빈
5919,황민양
5920,홍주희
5921,임선현
5922,황혜진
5923,맹형우
5924,이수원
5925,이상원
5926,이주현
5927,권대욱
5928,윤수아
5929,이찬연
5930,민보희
5931,한현원
5932,박다현
5933,박세석
5934,박유인
5935,김성역
5936,김은서
5937,박형인
5938,김지예
5939,김정근
5940,강유윤
5941,지영현
5942,이초은
5943,국현희
5944,남예은
5945,윤승태
5946,김세아
5947,김태관
5948,홍혜린
5949,김수우
5950,양지진
5951,김정운
5952,백서원
5953,이장재
5954,이혜동
5955,이주찬
5956,황서연
5957,이성재
5958,이지현
5959,윤준현
5960,이유인
5961,이수용
5962,이수민
5963,권영효
5964,김가주
5965,박지진
5966,이유원
5967,이재력
5968,김지현
5969,이연더
5970,김지시
5971,천민형
5972,최세영
5973,김주문
5974,정세민
5975,서유도
5976,장가연
5977,홍진환
5978,한혜빈
5979,조재후
5980,허지우
5981,김주연
5982,강연시
5983,이형진
5984,이예주
5985,김현형
5986,박서연
5987,김성석
5988,박도은
5989,윤찬민
5990,김초긴
5991,허준웅
5992,박저연
5993,박친민
5994,신윤연
5995,이대성
5996,송태현
5997,정영숙
5998,김서연
5999,김민태
6000,김현빈
6001,김동진
6002,손지연
6003,김정민
6004,김가서
6005,김진준
6006,김원희
6007,손효운
6008,박소서
6009,임형석
6010,정근민
6011,박원우
6012,홍소주
6013,서승문
6014,김민영
6015,박원운
6016,임윤연
6017,이재형
6018,김유연
6019,이종훈
6020,조안원
6021,우상우
6022,김희서
6023,성성운
6024,김소주
6025,임승슨
6026,김희연
6027,임경석
6028,심희원
6029,채지준
6030,정태원
6031,정석근
6032,한세빈
6033,안승규
6034,박서지
6035,김영주
6036,권수현
6037,김병운
6038,박세서
6039,진정빈
6040,권유진
6041,박정진
6042,조소은
6043,박주훈
6044,신서서
6045,김상석
6046,최현나
6047,박영환
6048,송하현
6049,박순원
6050,김예빈
6051,임장혁
6052,김예하
6053,유승웅
6054,김민연
6055,박상영
6056,소지준
6057,이은태
6058,김윤원
6059,김숭균
6060,이채민
6061,권승준
6062,장은주
6063,한승석
6064,엄다경
6065,박용연
6066,윤소영
6067,권천표
6068,류지민
6069,김민문
6070,김시은
6071,여홍주
6072,배서원
6073,김중규
6074,김예인
6075,이진선
6076,김다연
6077,김창현
6078,정혜현
6079,정형호
6080,한소현
6081,박민준
6082,장지서
6083,손재소
6084,오유린
6085,이성태
6086,정가린
6087,한준긴
6088,정예진
6089,김재진
6090,김다경
6091,김정석
6092,권저원
6093,김대진
6094,김지연
6095,오민긴
6096,이혜민
6097,김제준
6098,김다인
6099,정경후
6100,김미현
6101,김산현
6102,김수연
6103,방재현
6104,최의희
6105,김형주
6106,조유연
6107,김견능
6108,채다나
6109,오형성
6110,장서지
6111,최원석
6112,최현진
6113,김산현
6114,김현원
6115,안지창
6116,정수신
6117,이광원
6118,강혜현
6119,김성현
6120,지예연
6121,박상순
6122,김리연
6123,김홍영
6124,이연연
6125,김성운
6126,최하민
6127,박형현
6128,민수연
6129,정성운
6130,오주민
6131,신용원
6132,강연연
6133,김도재
6134,김보현
6135,한해도
6136,윤은연
6137,정동성
6138,이채민
6139,김용순
6140,전지연
6141,권진교
6142,현다은
6143,허성진
6144,강보주
6145,이형우
6146,이예린
6147,장현준
6148,김채희
6149,최다희
6150,박가린
6151,조원연
6152,노세은
6153,원동엉
6154,서채민
6155,허태환
6156,이가인
6157,정조석
6158,신다연
6159,유성도
6160,전혜주
6161,김정숙
6162,이지원
6163,최운민
6164,이혜민
6165,김견준
6166,이서리
6167,김제석
6168,이민혜
6169,조동환
6170,김주아
6171,정동인
6172,장혜연
6173,서규완
6174,박유아
6175,신진준
6176,문저아
6177,공태빈
6178,김다린
6179,장현현
6180,하지연
6181,민선오
6182,우유랑
6183,장견열
6184,한도아
6185,허태우
6186,이서연
6187,황민혁
6188,장희주
6189,김정인
6190,신희예
6191,신성우
6192,김은지
6193,김창재
6194,강수민
6195,박주원
6196,천도빈
6197,오벙석
6198,정서진
6199,이재우
6200,최미주
6201,정춘성
6202,김하진
6203,심진재
6204,이애원
6205,전석훈
6206,채지진
6207,한전준
6208,서연서
6209,정산제
6210,배지영
6211,박종준
6212,이수서
6213,최벙현
6214,전수주
6215,김간주
6216,배유빈
6217,전긍견
6218,장저희
6219,김영현
6220,최시린
6221,김승우
6222,염저서
6223,이후혼
6224,손유현
6225,윤태환
6226,최시윤
6227,강승현
6228,유소서
6229,신유우
6230,박주민
6231,임희민
6232,이다나
6233,신승규
6234,양서솔
6235,임형준
6236,오기진
6237,김주오
6238,박가연
6239,이진용
6240,김예은
6241,유방한
6242,박현윤
6243,주차빈
6244,이현빈
6245,김영균
6246,조유서
6247,최경빈
6248,박혜아
6249,안연운
6250,김서솔
6251,정운석
6252,하은연
6253,김동긴
6254,문채하
6255,조대재
6256,박서은
6257,김재연
6258,권세경
6259,유상조
6260,이유희
6261,신재재
6262,양은은
6263,김현호
6264,이유지
6265,권상태
6266,민저진
6267,방주준
6268,강은민
6269,김용주
6270,김다안
6271,홍광하
6272,김승진
6273,송창철
6274,최서연
6275,최용호
6276,박수소
6277,한남견
6278,오희인
6279,이형준
6280,추다경
6281,이진연
6282,박도연
6283,이나운
6284,양저원
6285,엄주역
6286,김수민
6287,박재주
6288,이채하
6289,김벙삭
6290,윤민진
6291,박재운
6292,손승혜
6293,정성민
6294,이지경
6295,정형성
6296,최서아
6297,김성준
6298,송민이
6299,노승현
6300,이다미
6301,최동준
6302,조은희
6303,김종리
6304,류최연
6305,임의긴
6306,김우빈
6307,정경순
6308,엄하서
6309,권주찬
6310,노다주
6311,최신빈
6312,김유예
6313,조승현
6314,이해진
6315,윤민환
6316,권지현
6317,조봉태
6318,최지연
6319,임낙석
6320,이다한
6321,강성훈
6322,최다연
6323,손채진
6324,추민현
6325,정영재
6326,김소윤
6327,장주우
6328,이가연
6329,한승영
6330,윤서빈
6331,김홍후
6332,정가연
6333,장진인
6334,노지아
6335,김긴준
6336,선유아
6337,김봉환
6338,이지지
6339,심태견
6340,임지현
6341,이민준
6342,윤나연
6343,여현준
6344,유효아
6345,우응번
6346,이보연
6347,김주재
6348,윤시연
6349,이민후
6350,조민윤
6351,정태현
6352,임유현
6353,허종준
6354,강연민
6355,유규현
6356,고차비
6357,박벙시
6358,김다연
6359,홍태호
6360,김지희
6361,성사청
6362,윤도나
6363,김현훈
6364,이민진
6365,김재희
6366,이혜경
6367,이재재
6368,한주도
6369,최성성
6370,김지연
6371,강운주
6372,성지안
6373,신태준
6374,권보희
6375,김승원
6376,김지연
6377,최상창
6378,박현나
6379,이경주
6380,하지민
6381,양겅현
6382,정세은
6383,곽주석
6384,김서현
6385,김성재
6386,나채인
6387,김긴운
6388,김민현
6389,김도영
6390,홍다우
6391,길태운
6392,조혜경
6393,정정운
6394,김연진
6395,김윤우
6396,이민은
6397,이제운
6398,최하빈
6399,최종석
6400,정지빈
6401,김성동
6402,정가은
6403,오재빈
6404,김벼진
6405,이윤운
6406,유아진
6407,정유린
6408,남다아
6409,한승군
6410,유소원
6411,김영운
6412,이도연
6413,최태진
6414,윤정현
6415,정현빈
6416,강다나
6417,허경빈
6418,박유경
6419,임정영
6420,류주서
6421,김우희
6422,이주윤
6423,유동유
6424,김민은
6425,유승민
6426,최세현
6427,최윤환
6428,양희윤
6429,김민우
6430,정희이
6431,조홍천
6432,남재현
6433,박지소
6434,이민인
6435,신태인
6436,이미지
6437,강중지
6438,장은진
6439,성대순
6440,한소연
6441,임원우
6442,정지은
6443,최긴환
6444,김유연
6445,남주현
6446,차민연
6447,성덩은
6448,강서원
6449,한찬하
6450,이예민
6451,강동수
6452,배유은
6453,배청원
6454,황다저
6455,김견훈
6456,김현연
6457,홍태환
6458,김자나
6459,김성주
6460,오현은
6461,이원빈
6462,홍민민
6463,김벙환
6464,류은연
6465,연지현
6466,송예윤
6467,나지준
6468,조지현
6469,김민준
6470,한주원
6471,김해숙
6472,최유주
6473,이동우
6474,안현원
6475,임영규
6476,김미다
6477,이대굥
6478,이예영
6479,신예민
6480,조유윤
6481,이성환
6482,이저서
6483,황승호
6484,이사연
6485,박진훈
6486,조지연
6487,전형우
6488,최지인
6489,김중류
6490,김보진
6491,양긴잔
6492,황서민
6493,이태선
6494,임주은
6495,강성용
6496,나도희
6497,강인운
6498,박승윤
6499,강태환
6500,김가민
6501,정대희
6502,조유민
6503,오준빈
6504,송수원
6505,백재민
6506,유어련
6507,김윤연
6508,김은경
6509,선현운
6510,김서영
6511,공승언
6512,이나예
6513,김호민
6514,엄수저
6515,맹면운
6516,오소현
6517,정재성
6518,이지빈
6519,김청운
6520,이주은
6521,최영인
6522,천주원
6523,이친긴
6524,이수경
6525,권도양
6526,박세저
6527,김운진
6528,전세주
6529,김대연
6530,안주안
6531,김진성
6532,김민영
6533,김준호
6534,정민원
6535,김응범
6536,김지연
6537,변순석
6538,김현주
6539,임재현
6540,김주현
6541,박현찬
6542,이지민
6543,황재세
6544,박유민
6545,이정석
6546,황이연
6547,김상현
6548,황유희
6549,김준태
6550,김태민
6551,한제재
6552,이시원
6553,홍승윤
6554,김수연
6555,임광영
6556,김주주
6557,권대군
6558,장유연
6559,최요수
6560,이근연
6561,김도시
6562,전주저
6563,조대완
6564,김지혜
6565,안겅민
6566,강윤진
6567,박승엽
6568,김서원
6569,전주조
6570,이연주
6571,김진긴
6572,김유현
6573,이유인
6574,배주서
6575,김승석
6576,한수저
6577,박동호
6578,김성진
6579,김성연
6580,황수민
6581,한주민
6582,한희린
6583,최동현
6584,조연연
6585,임대시
6586,김지연
6587,김현수
6588,최지나
6589,한현우
6590,유세서
6591,조저청
6592,안가민
6593,최완우
6594,한시민
6595,박준표
6596,최현연
6597,김영우
6598,정민현
6599,황상혼
6600,박성영
6601,고형환
6602,김미원
6603,이영면
6604,양혜은
6605,김승벙
6606,허지진
6607,김배주
6608,서이연
6609,전성운
6610,박윤연
6611,홍운현
6612,박보아
6613,김원엉
6614,심민서
6615,오견석
6616,이서연
6617,이간석
6618,장전원
6619,양지혁
6620,김혜현
6621,이세호
6622,변유윤
6623,이영은
6624,안태연
6625,홍윤성
6626,이다지
6627,박동연
6628,이수민
6629,박현는
6630,노세윤
6631,박훈원
6632,황다윤
6633,장주균
6634,김유빈
6635,이형언
6636,원슨린
6637,김현운
6638,양지원
6639,장지균
6640,박주서
6641,권성사
6642,허최나
6643,김숭한
6644,민가주
6645,이강규
6646,최채연
6647,이벙규
6648,한현원
6649,박병유
6650,윤근인
6651,강상균
6652,이주늘
6653,김춘형
6654,지미소
6655,김정수
6656,이나진
6657,신준우
6658,유미진
6659,김우혹
6660,이혜원
6661,양준우
6662,이해우
6663,오면운
6664,최시현
6665,강민호
6666,정하연
6667,성조후
6668,이시현
6669,정전연
6670,문지빈
6671,임홍홍
6672,유초진
6673,권우환
6674,이애진
6675,김홍한
6676,백시희
6677,이현찬
6678,김민진
6679,이관용
6680,송소현
6681,전희혁
6682,안진연
6683,최용준
6684,류지나
6685,김권펼
6686,한세련
6687,이희은
6688,이세민
6689,최성억
6690,류서영
6691,전우헉
6692,박예진
6693,김찬연
6694,서가민
6695,김현학
6696,박성린
6697,김겅호
6698,남채은
6699,박승규
6700,강수윤
6701,배우형
6702,김채연
6703,조영영
6704,한서원
6705,정재훈
6706,김윤연
6707,고래석
6708,배저애
6709,지긴민
6710,서지경
6711,최주종
6712,남소경
6713,김성호
6714,허저린
6715,김주준
6716,김이원
6717,박찬푱
6718,윤지현
6719,허상준
6720,강희연
6721,최창원
6722,박지연
6723,이남호
6724,김지윤
6725,이세현
6726,신저주
6727,김창윤
6728,이혜은
6729,황성휘
6730,김다민
6731,박준희
6732,이초진
6733,김재기
6734,배서민
6735,박성희
6736,정다시
6737,강지민
6738,이서원
6739,원인환
6740,정미연
6741,권동규
6742,최지혜
6743,김홍성
6744,서희희
6745,김경환
6746,강지서
6747,강이운
6748,윤태소
6749,정동준
6750,신예윤
6751,김재채
6752,한예은
6753,김준준
6754,장주진
6755,안정규
6756,김현진
6757,손진준
6758,정가주
6759,김진희
6760,신예우
6761,이동형
6762,김하연
6763,송도수
6764,윤지은
6765,이세양
6766,허현서
6767,김순찬
6768,김소인
6769,김원역
6770,안저진
6771,이진후
6772,박도연
6773,허하호
6774,이민진
6775,김성유
6776,한채림
6777,박성제
6778,길혜경
6779,조전원
6780,유태준
6781,정현조
6782,이현라
6783,남광원
6784,류유형
6785,김순몬
6786,서현연
6787,박주인
6788,나수윤
6789,이견원
6790,조지지
6791,이원하
6792,김지진
6793,구승훈
6794,권의저
6795,정재영
6796,한도연
6797,강준가
6798,신오연
6799,심경안
6800,조채나
6801,안존성
6802,강지은
6803,원주영
6804,이주수
6805,백대재
6806,이수민
6807,김운인
6808,이지원
6809,추현윤
6810,이혀현
6811,이영지
6812,함가진
6813,조몽훈
6814,박슨민
6815,양민환
6816,서서진
6817,유형조
6818,송연윤
6819,장도긴
6820,김세민
6821,손진우
6822,김지주
6823,강정유
6824,강은지
6825,안승연
6826,김소원
6827,임재재
6828,박유민
6829,김호현
6830,임지원
6831,허준택
6832,황태윤
6833,황준진
6834,이저진
6835,장교성
6836,박수연
6837,이항수
6838,백서은
6839,전경효
6840,우슨은
6841,신창환
6842,함규원
6843,정승석
6844,박주진
6845,이형운
6846,이민현
6847,오연석
6848,김민영
6849,방병현
6850,박다윤
6851,송동영
6852,우수진
6853,문준섭
6854,허수현
6855,최동호
6856,박소서
6857,곽준신
6858,강다윤
6859,양유준
6860,이슨현
6861,배유다
6862,박서아
6863,박동후
6864,김유연
6865,여승오
6866,김연빈
6867,박지형
6868,조지원
6869,김시면
6870,이무서
6871,김동문
6872,이지서
6873,이윤석
6874,김희린
6875,오인재
6876,최저원
6877,이성응
6878,이시희
6879,최주원
6880,김수민
6881,정동우
6882,조민은
6883,김이성
6884,인재주
6885,김민현
6886,이서윤
6887,김재운
6888,신주경
6889,차희균
6890,정은린
6891,임준순
6892,박하안
6893,고령운
6894,윤차은
6895,이운진
6896,민서경
6897,강진운
6898,유서린
6899,신성균
6900,양은운
6901,변민우
6902,박주저
6903,김의관
6904,박수연
6905,원민진
6906,남채현
6907,김주균
6908,조나민
6909,서운석
6910,장혜수
6911,안준성
6912,이수원
6913,차유민
6914,이지영
6915,안채석
6916,박지영
6917,양성진
6918,한미영
6919,이현운
6920,김리연
6921,정연석
6922,김유서
6923,반재현
6924,최유연
6925,황창운
6926,조저연
6927,김창은
6928,김서민
6929,신의현
6930,송유희
6931,김진현
6932,주다서
6933,노훈준
6934,주은민
6935,신영완
6936,김하은
6937,김준성
6938,이보연
6939,김현준
6940,박연지
6941,염이천
6942,이수진
6943,차희진
6944,김수현
6945,이현구
6946,이현경
6947,김용성
6948,박현연
6949,하민호
6950,도은빈
6951,김민환
6952,박나우
6953,노태훈
6954,박지빈
6955,이민환
6956,이혜윤
6957,김보현
6958,정민운
6959,윤주희
6960,김다빈
6961,최동석
6962,정미연
6963,윤정민
6964,권지연
6965,최영연
6966,이은빈
6967,유재운
6968,이지채
6969,남성철
6970,권사빈
6971,고동찬
6972,이수은
6973,서혜수
6974,신다경
6975,박진웅
6976,육은현
6977,전용호
6978,김시진
6979,원용빈
6980,최윤민
6981,김경긴
6982,김현은
6983,박시긴
6984,김저현
6985,오재환
6986,김긍윤
6987,한성몽
6988,이지희
6989,권주준
6990,유윤주
6991,박성호
6992,강혜양
6993,김동조
6994,이나연
6995,김승헌
6996,오유원
6997,지연진
6998,김효연
6999,장해원
7000,공서희
7001,황성운
7002,한연윤
7003,김면원
7004,신연연
7005,김재석
7006,최서은
7007,김준규
7008,강현저
7009,허홍연
7010,조지경
7011,김상몬
7012,김유현
7013,한민현
7014,안유현
7015,곽주현
7016,김다하
7017,이형근
7018,육시서
7019,윤면연
7020,송소희
7021,유준태
7022,문시나
7023,박상호
7024,김현연
7025,오종연
7026,배수연
7027,이건간
7028,김채연
7029,임성슨
7030,권수빈
7031,이성호
7032,양나래
7033,나지현
7034,김보예
7035,김의도
7036,최지지
7037,양동근
7038,황민예
7039,이태헉
7040,편주선
7041,박하호
7042,이유저
7043,김민근
7044,이지연
7045,박상인
7046,김수서
7047,김용하
7048,문소현
7049,김덩철
7050,김시지
7051,김승버
7052,이민현
7053,이연진
7054,김현아
7055,최대성
7056,이시현
7057,윤운훈
7058,정혜수
7059,김상영
7060,곽혜진
7061,이홍운
7062,임지지
7063,이원수
7064,김예린
7065,송현련
7066,이은윤
7067,이겅혼
7068,이지민
7069,송상환
7070,최미서
7071,백상환
7072,김유안
7073,유영요
7074,나지현
7075,김민운
7076,유하희
7077,백홍역
7078,김예희
7079,정하호
7080,유소연
7081,최현석
7082,김시인
7083,박종규
7084,박지나
7085,윤형민
7086,김유연
7087,김민권
7088,배지윤
7089,구형규
7090,구희민
7091,최겅번
7092,박서연
7093,공청근
7094,장재연
7095,이견민
7096,신은영
7097,변민현
7098,함지경
7099,정준우
7100,박희연
7101,정해진
7102,김세연
7103,이겅윤
7104,김유진
7105,김용민
7106,조연현
7107,윤문현
7108,정민연
7109,이용성
7110,최혜원
7111,장주몬
7112,김다희
7113,김세번
7114,신소현
7115,김재우
7116,김세원
7117,하성건
7118,이주연
7119,김진석
7120,김예인
7121,김예현
7122,권유희
7123,이봉환
7124,백민연
7125,정동운
7126,서서윤
7127,서제원
7128,손세현
7129,김동령
7130,노소은
7131,홍사현
7132,김연서
7133,박환호
7134,남규영
7135,신동혹
7136,이유혜
7137,최민희
7138,정은민
7139,김상석
7140,남예화
7141,김형현
7142,차혜저
7143,장견태
7144,박저영
7145,김주긴
7146,윤현래
7147,김주연
7148,김채빈
7149,최동연
7150,윤수저
7151,박태교
7152,장가현
7153,김겅석
7154,구슨진
7155,황도민
7156,이수연
7157,송용현
7158,강근린
7159,조용전
7160,박지수
7161,김승호
7162,김규희
7163,김승유
7164,최소연
7165,김병슨
7166,김승리
7167,차전연
7168,홍보진
7169,김선후
7170,이수채
7171,함경훈
7172,김하하
7173,박면운
7174,김다빈
7175,김인민
7176,김예원
7177,홍주은
7178,박예연
7179,박민운
7180,석연저
7181,민진성
7182,이연민
7183,이태민
7184,이민안
7185,이홍현
7186,제주솔
7187,이인현
7188,차미연
7189,최강운
7190,유초린
7191,이병재
7192,정주민
7193,김성현
7194,이무진
7195,유현숭
7196,이성연
7197,신형민
7198,김유연
7199,김성민
7200,김다언
7201,조송우
7202,박도리
7203,김경상
7204,박다안
7205,김도규
7206,유지연
7207,김정규
7208,함예진
7209,최영현
7210,정수나
7211,장성균
7212,권소현
7213,고경연
7214,유조현
7215,오현인
7216,김지희
7217,김성성
7218,이은진
7219,김거운
7220,손민현
7221,김전헌
7222,정의원
7223,유태석
7224,정혜진
7225,김진천
7226,정나주
7227,이원한
7228,안지진
7229,박종석
7230,오최주
7231,손창진
7232,정주화
7233,이미영
7234,신저정
7235,안정희
7236,김혜원
7237,김문환
7238,박유원
7239,김유령
7240,이슨빈
7241,최호우
7242,최유연
7243,강성현
7244,오미현
7245,이한현
7246,유민정
7247,이당석
7248,조주전
7249,김견준
7250,김민효
7251,김경벅
7252,변도민
7253,박현민
7254,박의연
7255,최중원
7256,정예희
7257,정추현
7258,정은윤
7259,이성훈
7260,이서애
7261,홍진성
7262,최가연
7263,변정훈
7264,윤보은
7265,이저균
7266,강주빈
7267,강종현
7268,김수영
7269,김재호
7270,정은주
7271,이원원
7272,김민희
7273,이성환
7274,박하은
7275,설원호
7276,도도라
7277,김홍규
7278,임지민
7279,이예준
7280,박희민
7281,김운구
7282,홍서주
7283,이의현
7284,이서아
7285,문원환
7286,박지령
7287,송성무
7288,박현선
7289,방대호
7290,이지민
7291,옥태덕
7292,박지라
7293,김잔성
7294,조유우
7295,진재현
7296,최시경
7297,배재현
7298,조예련
7299,노준준
7300,홍가재
7301,정겅엉
7302,엄연은
7303,홍호빈
7304,김서연
7305,김진구
7306,김채연
7307,최경진
7308,이다저
7309,이희유
7310,최지미
7311,차재배
7312,손서지
7313,김예완
7314,임희수
7315,최승연
7316,김승빈
7317,허준연
7318,최정현
7319,신주효
7320,박예영
7321,오성완
7322,조현지
7323,박강찬
7324,서지다
7325,박겅희
7326,김새인
7327,김민석
7328,강가진
7329,황준찬
7330,황지주
7331,홍승성
7332,최혜성
7333,강민준
7334,정혜윤
7335,유규관
7336,이서린
7337,박민하
7338,임승하
7339,전도현
7340,김지연
7341,이동도
7342,조다원
7343,신성영
7344,이태지
7345,김종훈
7346,이이지
7347,김수인
7348,오의서
7349,문창현
7350,김유원
7351,김종성
7352,황유민
7353,박수주
7354,주유연
7355,박성희
7356,권나현
7357,한동긴
7358,이규연
7359,김종민
7360,손민라
7361,송준환
7362,김서현
7363,강주서
7364,김예연
7365,임성섭
7366,홍의연
7367,김윤성
7368,박서민
7369,지정현
7370,김지민
7371,김겅관
7372,이수연
7373,송현한
7374,문세린
7375,이전서
7376,장현진
7377,유우영
7378,이저현
7379,김준훅
7380,최지저
7381,최경욱
7382,최응빈
7383,김현유
7384,유유서
7385,차연준
7386,이지민
7387,김미환
7388,정희민
7389,송홍한
7390,김예연
7391,김승현
7392,이다연
7393,이해원
7394,박은윤
7395,하동전
7396,김미현
7397,곽상면
7398,김서유
7399,김요균
7400,박해현
7401,최요우
7402,신연진
7403,안면혼
7404,김채영
7405,한도규
7406,김보경
7407,정용우
7408,이수소
7409,황규환
7410,신수경
7411,조겅헌
7412,권예원
7413,강민슨
7414,김유연
7415,이변석
7416,조민저
7417,홍세련
7418,이지련
7419,문헌인
7420,김서은
7421,강태석
7422,김지소
7423,이잔민
7424,한연연
7425,박민찬
7426,변혜연
7427,최벙원
7428,김수재
7429,유동진
7430,유혀영
7431,류영연
7432,신지연
7433,장재윤
7434,노다연
7435,송승훈
7436,백서주
7437,백균환
7438,오은연
7439,전회호
7440,현다주
7441,금동준
7442,최소은
7443,한재형
7444,박지은
7445,김찬환
7446,허규예
7447,최현원
7448,강가주
7449,김도준
7450,이주진
7451,임도석
7452,이정경
7453,김정재
7454,이희진
7455,이종준
7456,권혜경
7457,차흔한
7458,정재연
7459,정현우
7460,강나아
7461,전성민
7462,김지빈
7463,김이호
7464,김효현
7465,이인훈
7466,김지겅
7467,최용범
7468,윤채은
7469,정현진
7470,황승희
7471,백남연
7472,김은경
7473,이성타
7474,김기진
7475,신전철
7476,이시연
7477,장치석
7478,박채지
7479,유상승
7480,최은수
7481,이현수
7482,박유은
7483,정주호
7484,최지민
7485,김진현
7486,김주진
7487,김교운
7488,황주련
7489,박재석
7490,하채윤
7491,정정조
7492,장윤서
7493,서겅전
7494,이성린
7495,안승인
7496,한서원
7497,이영훈
7498,김예하
7499,김병진
7500,곽현인
7501,김태수
7502,박주은
7503,변경헌
7504,양슨은
7505,성항훈
7506,이지서
7507,오호호
7508,김은은
7509,강승운
7510,최은윤
7511,이지운
7512,이나진
7513,윤현홍
7514,정소은
7515,서승태
7516,정수윤
7517,송성현
7518,최채연
7519,조횽규
7520,김호은
7521,임경진
7522,박서경
7523,박희현
7524,신소희
7525,지성운
7526,장지화
7527,박랑견
7528,김승영
7529,정찬긴
7530,박혜은
7531,마호훈
7532,박주저
7533,김시인
7534,김예아
7535,송호원
7536,김소원
7537,왕견혼
7538,조예희
7539,이정석
7540,이수연
7541,이홍환
7542,유세련
7543,오성석
7544,차서현
7545,이횽천
7546,손채서
7547,한둔준
7548,고시연
7549,이남수
7550,서혜윤
7551,김진준
7552,신소진
7553,박창현
7554,장서희
7555,차병희
7556,김민소
7557,임수민
7558,한다하
7559,이준성
7560,고지린
7561,김민우
7562,정지린
7563,안응진
7564,백예윤
7565,신조준
7566,손서현
7567,김민우
7568,임유진
7569,조긴현
7570,김수영
7571,권한환
7572,공지진
7573,정새호
7574,서다경
7575,김희희
7576,김미나
7577,류해우
7578,한다연
7579,이승희
7580,조초민
7581,하찬훈
7582,이시리
7583,안도준
7584,박지윤
7585,김성성
7586,문지희
7587,김진호
7588,표지나
7589,김원유
7590,김지린
7591,정재서
7592,남재빈
7593,한태진
7594,이하빈
7595,김신근
7596,김하서
7597,김현신
7598,한서민
7599,유견준
7600,강애현
7601,배겅영
7602,김자영
7603,윤겅권
7604,지지아
7605,윤승우
7606,신가윤
7607,정정준
7608,이소영
7609,김병진
7610,최서주
7611,안도재
7612,정주은
7613,김도훙
7614,안아나
7615,연동후
7616,김유연
7617,정호현
7618,최소다
7619,전준유
7620,박소민
7621,김우태
7622,정윤민
7623,김태성
7624,최유영
7625,김주준
7626,유사린
7627,고운요
7628,김혜진
7629,장승의
7630,지예현
7631,홍대찬
7632,김사원
7633,이환영
7634,박진은
7635,정태연
7636,이아연
7637,김승거
7638,이수늘
7639,김태현
7640,김세린
7641,한성재
7642,김채연
7643,최성주
7644,이지희
7645,손원석
7646,이수민
7647,현승한
7648,이윤원
7649,임수진
7650,조혜현
7651,박형환
7652,박도선
7653,신형원
7654,이지지
7655,김성환
7656,김도린
7657,조현헌
7658,이주연
7659,정상환
7660,김서경
7661,박성원
7662,인연린
7663,이성현
7664,한현화
7665,박상진
7666,모아연
7667,최상호
7668,김시서
7669,임지준
7670,박유은
7671,한정견
7672,강지은
7673,임현긍
7674,김미주
7675,최세영
7676,김유진
7677,손진비
7678,조유연
7679,오진도
7680,김가주
7681,성미우
7682,박리연
7683,강재운
7684,이수안
7685,권용성
7686,박민윤
7687,강진유
7688,박지현
7689,박정준
7690,이지민
7691,강동한
7692,문예린
7693,정용천
7694,이시린
7695,이창성
7696,한저연
7697,유면천
7698,황다운
7699,정래태
7700,이도연
7701,김기형
7702,김유연
7703,양재현
7704,김다연
7705,문형견
7706,이수서
7707,홍엉용
7708,유우영
7709,이진얼
7710,김서진
7711,김태요
7712,김민아
7713,곽해민
7714,김서은
7715,박관환
7716,권하나
7717,배성후
7718,김지은
7719,정진운
7720,박지우
7721,유진규
7722,최소지
7723,김운운
7724,정슨연
7725,손도현
7726,박예연
7727,최봉원
7728,김채민
7729,안진석
7730,양이민
7731,배종준
7732,한민민
7733,김후범
7734,최저인
7735,황정인
7736,김재현
7737,정윤운
7738,소연원
7739,이진조
7740,권민진
7741,도한형
7742,배수혜
7743,이성준
7744,윤현서
7745,기주준
7746,김은원
7747,김남근
7748,양은빈
7749,이진균
7750,허혜은
7751,허제구
7752,구유주
7753,이태원
7754,유유영
7755,김운규
7756,정혜연
7757,박항석
7758,최나빈
7759,김민웅
7760,김연민
7761,조태성
7762,김혜현
7763,성호원
7764,김주희
7765,최훈혁
7766,이수연
7767,공주영
7768,김유저
7769,김후석
7770,이송현
7771,차덩규
7772,황예진
7773,송현기
7774,이서은
7775,김성준
7776,박유빈
7777,김도영
7778,박저경
7779,김예현
7780,명수수
7781,최인성
7782,이서현
7783,문상연
7784,이서경
7785,김미운
7786,이유하
7787,서준인
7788,황다희
7789,장승연
7790,권희인
7791,윤종민
7792,장서서
7793,최용조
7794,김민연
7795,송민원
7796,송민은
7797,김영완
7798,석유연
7799,구응욱
7800,강혀민
7801,우대민
7802,김해예
7803,김승호
7804,서사은
7805,김효회
7806,이예희
7807,윤태성
7808,성다진
7809,이형빈
7810,이윤린
7811,노창환
7812,유지린
7813,양성석
7814,최가진
7815,박기연
7816,신최빈
7817,이균현
7818,채보애
7819,신승언
7820,김예재
7821,김원주
7822,이희현
7823,윤홍현
7824,조이애
7825,안환운
7826,김서진
7827,문대호
7828,이지진
7829,정재긴
7830,정다민
7831,이병태
7832,김하진
7833,강재원
7834,진지연
7835,유겅현
7836,장민진
7837,유현규
7838,조소현
7839,박이수
7840,이세진
7841,박종운
7842,김은리
7843,이경진
7844,김예은
7845,김민설
7846,최보윤
7847,홍숭훈
7848,이성경
7849,오상석
7850,김유진
7851,홍주조
7852,류윤린
7853,박홍진
7854,오나안
7855,기강호
7856,배주흔
7857,이장조
7858,안승현
7859,백남원
7860,김수연
7861,정태운
7862,이주진
7863,오운혁
7864,염규은
7865,박진연
7866,김현아
7867,김형현
7868,문현연
7869,김인근
7870,김희연
7871,김호운
7872,유도지
7873,유준기
7874,이근빈
7875,강승한
7876,김도주
7877,조병빈
7878,권지서
7879,임윤견
7880,추서비
7881,조조진
7882,박저민
7883,안해운
7884,조자주
7885,김민수
7886,정예연
7887,안민성
7888,성최지
7889,이성성
7890,김지인
7891,허연재
7892,신유연
7893,오승분
7894,조현빈
7895,강항형
7896,고서원
7897,조주수
7898,윤혜주
7899,김누후
7900,권주희
7901,최긍연
7902,박희빈
7903,최운안
7904,백주연
7905,이경환
7906,이예현
7907,이민창
7908,김혜우
7909,박용호
7910,김소저
7911,김견원
7912,김지라
7913,박준현
7914,추서은
7915,김관환
7916,장보인
7917,김상영
7918,박예윤
7919,김창현
7920,엄은서
7921,김진민
7922,황시주
7923,조찬석
7924,강서미
7925,원현리
7926,최소윤
7927,이민서
7928,이수빈
7929,장성어
7930,이자진
7931,김기준
7932,이예재
7933,이동호
7934,김가리
7935,신민환
7936,하수민
7937,남횽준
7938,이은원
7939,양군호
7940,최민연
7941,김의훈
7942,심지민
7943,윤승주
7944,전소연
7945,서현진
7946,조혜은
7947,김혜성
7948,권인현
7949,안태흔
7950,류하영
7951,박태환
7952,김지지
7953,강병영
7954,송은민
7955,이성운
7956,안혜진
7957,김재준
7958,임민소
7959,김재호
7960,김유저
7961,노기석
7962,강윤서
7963,심하빈
7964,이예경
7965,이성존
7966,이소서
7967,문동수
7968,박응현
7969,고민호
7970,양유진
7971,이승하
7972,최서은
7973,전한용
7974,김시연
7975,한민환
7976,채지윤
7977,송형진
7978,박수진
7979,김규한
7980,조지효
7981,김요진
7982,박연원
7983,홍지준
7984,이서경
7985,박진운
7986,임어영
7987,김진우
7988,주예서
7989,김경운
7990,박고경
7991,이성석
7992,임혜희
7993,홍윤시
7994,전미희
7995,한의후
7996,박예지
7997,권찬우
7998,장수린
7999,송형빈
8000,조슬현
8001,이조석
8002,이현리
8003,나동수
8004,박연은
8005,권강석
8006,박보서
8007,박당현
8008,정유현
8009,조주석
8010,박푸지
8011,조상석
8012,임서연
8013,이원용
8014,조나서
8015,이성존
8016,이성나
8017,김승원
8018,박유원
8019,신형빈
8020,김서서
8021,김경근
8022,이다서
8023,황동후
8024,이예연
8025,김운태
8026,김서윤
8027,황승숙
8028,이수연
8029,최주성
8030,오혜연
8031,배병시
8032,우여주
8033,김수호
8034,오주원
8035,김현준
8036,박수연
8037,김원민
8038,김수원
8039,김응현
8040,황다희
8041,김윤린
8042,천나은
8043,신준림
8044,김하하
8045,이원우
8046,박주민
8047,조성연
8048,이미시
8049,장동준
8050,이수윤
8051,박태규
8052,신채진
8053,유성진
8054,김수진
8055,김광훈
8056,조민인
8057,김규원
8058,이소은
8059,정지료
8060,정사연
8061,이상영
8062,최지진
8063,송정긴
8064,이현원
8065,현현석
8066,김휘현
8067,박휘현
8068,김승빈
8069,서대진
8070,소지연
8071,육형번
8072,박나연
8073,김승호
8074,나다은
8075,박경태
8076,김다원
8077,김민현
8078,박세빈
8079,김항민
8080,김주민
8081,홍상학
8082,송진연
8083,박강호
8084,윤우원
8085,이현윤
8086,김유혜
8087,박예빈
8088,최미인
8089,김희연
8090,장자진
8091,홍승주
8092,고나은
8093,이문현
8094,박미현
8095,김상성
8096,서연빈
8097,정지주
8098,박수안
8099,최승규
8100,이재원
8101,배정현
8102,김유주
8103,박태태
8104,이예민
8105,이원현
8106,김서린
8107,이한규
8108,홍도안
8109,정성숙
8110,김의은
8111,정동현
8112,허혜연
8113,김상헌
8114,나소아
8115,김준우
8116,임민연
8117,강당운
8118,정수미
8119,고창진
8120,유서하
8121,설호진
8122,김수원
8123,정수운
8124,장세원
8125,성응운
8126,송나연
8127,김지운
8128,김승진
8129,정의영
8130,강지란
8131,최효성
8132,안지연
8133,백승균
8134,엄재은
8135,김면환
8136,노수인
8137,양지균
8138,홍예경
8139,박춘우
8140,염유빈
8141,김태환
8142,진지희
8143,김종긴
8144,문다라
8145,김병현
8146,양미슨
8147,손남수
8148,윤서란
8149,이요현
8150,한현전
8151,서겅하
8152,윤서은
8153,조긴훈
8154,강수은
8155,정연현
8156,김원경
8157,채기운
8158,조보린
8159,이재호
8160,김초희
8161,허승한
8162,김수서
8163,문희균
8164,이주연
8165,권제후
8166,박서전
8167,윤동훈
8168,손성연
8169,문재거
8170,이유진
8171,박진호
8172,김유연
8173,김동석
8174,함저정
8175,김태한
8176,장태지
8177,남대식
8178,신세연
8179,김규원
8180,이지현
8181,김규우
8182,김지은
8183,김주관
8184,이세주
8185,신준홍
8186,신서연
8187,노지민
8188,이윤서
8189,이영룡
8190,김유래
8191,서항윤
8192,김예하
8193,이운호
8194,박지희
8195,김경민
8196,정서린
8197,이재력
8198,김민연
8199,신태석
8200,김수은
8201,이동안
8202,민지솔
8203,한재성
8204,김지연
8205,이동찬
8206,윤태은
8207,김희용
8208,양현현
8209,김재수
8210,장지연
8211,송선신
8212,한유예
8213,김항후
8214,주시솔
8215,황찬웅
8216,김민은
8217,유준번
8218,최예윤
8219,문청준
8220,김유주
8221,이진호
8222,서태아
8223,이연재
8224,김혜지
8225,김우검
8226,조하혜
8227,탁재덩
8228,이시연
8229,유형현
8230,백은연
8231,김종산
8232,임나민
8233,박현한
8234,박소희
8235,김동우
8236,이은리
8237,윤겅성
8238,전혜진
8239,김영성
8240,이윤현
8241,조재석
8242,박미지
8243,김준현
8244,최윤인
8245,조재헝
8246,윤은은
8247,김경인
8248,오소경
8249,김인형
8250,이수희
8251,박희현
8252,강유원
8253,김조혁
8254,한희하
8255,황조현
8256,유나은
8257,강동수
8258,황은진
8259,장성한
8260,서저희
8261,신긴혼
8262,노민연
8263,이한균
8264,최다민
8265,윤윤신
8266,조유연
8267,서혜수
8268,서소윤
8269,전준준
8270,추연은
8271,정동찬
8272,장유경
8273,정동선
8274,임저재
8275,김진원
8276,최하연
8277,구지원
8278,이나인
8279,황조유
8280,나지나
8281,박동연
8282,한유은
8283,유승호
8284,장지윤
8285,임겅인
8286,이혜현
8287,이지필
8288,정푸빈
8289,성민준
8290,홍서영
8291,장현성
8292,고희연
8293,김동준
8294,정보윤
8295,임재운
8296,이유수
8297,문당수
8298,유소연
8299,김민현
8300,정유서
8301,정재인
8302,황수선
8303,류중순
8304,박수은
8305,이동울
8306,김수라
8307,오세우
8308,김애진
8309,김수민
8310,김새흔
8311,정찬후
8312,안연연
8313,이동현
8314,권조진
8315,김재성
8316,정유원
8317,김현후
8318,박차원
8319,손민제
8320,김해다
8321,백상안
8322,유서연
8323,박병도
8324,권성현
8325,강영근
8326,이지련
8327,윤윤준
8328,정윤빈
8329,김희현
8330,김가원
8331,신찬원
8332,장미연
8333,전광헉
8334,이서도
8335,김병타
8336,황재도
8337,오성숭
8338,정나진
8339,권승현
8340,김주원
8341,안성훅
8342,지예은
8343,최수석
8344,최채민
8345,장인현
8346,여미연
8347,정무해
8348,황차진
8349,이후민
8350,임겨현
8351,정성재
8352,김태인
8353,최규민
8354,황지연
8355,서상주
8356,장주정
8357,강성승
8358,오소한
8359,이성우
8360,탁저경
8361,임항재
8362,임지연
8363,박지희
8364,김주연
8365,최상한
8366,이유주
8367,김의민
8368,성주연
8369,이지근
8370,김저연
8371,서재호
8372,박은저
8373,이하민
8374,황주른
8375,이벙영
8376,김초현
8377,조현성
8378,이서진
8379,송주해
8380,황나민
8381,박태우
8382,이시빈
8383,김병현
8384,김하주
8385,최용혼
8386,이연원
8387,이진우
8388,김지희
8389,정인호
8390,김도은
8391,김인석
8392,김수진
8393,신현석
8394,최유원
8395,김지락
8396,이민윤
8397,최정벅
8398,장수연
8399,박경현
8400,김아진
8401,나채현
8402,박소연
8403,박영긍
8404,박지빈
8405,조양푱
8406,서하원
8407,송승현
8408,안혜윤
8409,박진진
8410,이윤진
8411,고건양
8412,임지연
8413,김성승
8414,이보연
8415,김용도
8416,박가연
8417,이호현
8418,이보연
8419,김형진
8420,안유연
8421,김상원
8422,오수원
8423,최동현
8424,강예서
8425,김유혼
8426,여소은
8427,한영경
8428,이현현
8429,임준찬
8430,황저진
8431,이도환
8432,양세예
8433,이주권
8434,홍저민
8435,유전현
8436,정예연
8437,고신규
8438,김다안
8439,함운성
8440,이근주
8441,박승주
8442,송지진
8443,우동형
8444,조하연
8445,오조찬
8446,이다빈
8447,하겅순
8448,곽사연
8449,김운번
8450,서주효
8451,공기희
8452,이소윤
8453,현상주
8454,이혜안
8455,김비준
8456,김수연
8457,박제호
8458,김주린
8459,신영재
8460,백미원
8461,윤원운
8462,신다은
8463,이정석
8464,배주진
8465,유상규
8466,김은민
8467,조주현
8468,오주린
8469,주중현
8470,차미인
8471,이승서
8472,김지지
8473,안원찬
8474,박주연
8475,강형희
8476,이도인
8477,현경훈
8478,신주희
8479,김희민
8480,오수연
8481,박병흔
8482,박지선
8483,안휘수
8484,정소희
8485,김승경
8486,남규서
8487,황동유
8488,임미희
8489,심승수
8490,강고은
8491,고재률
8492,박승주
8493,신태훈
8494,최채인
8495,김해연
8496,김해원
8497,김경현
8498,최성연
8499,김성찬
8500,임현연
8501,김항수
8502,전혜연
8503,함지현
8504,최서희
8505,박종운
8506,박혜연
8507,정주제
8508,박하아
8509,유만석
8510,홍소현
8511,이회용
8512,정주호
8513,진간운
8514,이하서
8515,최훈수
8516,오민빈
8517,이대빈
8518,이지재
8519,최재류
8520,윤서윤
8521,한성거
8522,이서윤
8523,김시민
8524,김지인
8525,라숭현
8526,안연원
8527,허태년
8528,박수빈
8529,홍지롱
8530,김지주
8531,정의원
8532,강저수
8533,박성석
8534,김연저
8535,서긴영
8536,임다연
8537,백준본
8538,이다은
8539,황지덕
8540,정유현
8541,박준진
8542,김차희
8543,김긴후
8544,장연연
8545,박신헌
8546,김지저
8547,은형민
8548,김가원
8549,최희환
8550,김연연
8551,이정청
8552,권희서
8553,조동호
8554,이유현
8555,양낙민
8556,김은라
8557,김종선
8558,김민연
8559,김한연
8560,박다연
8561,정승범
8562,정유은
8563,박유용
8564,김다경
8565,이태석
8566,박유은
8567,정정군
8568,박민연
8569,김동규
8570,문혜희
8571,김민시
8572,한시현
8573,성진연
8574,허혀연
8575,김진현
8576,이서인
8577,김성시
8578,김나희
8579,윤재신
8580,강주진
8581,이겅보
8582,강지민
8583,유승성
8584,박유은
8585,하겅용
8586,이슨경
8587,김동민
8588,이수인
8589,배창환
8590,박채양
8591,강민인
8592,조어영
8593,장성진
8594,조현진
8595,김승번
8596,주유연
8597,안상현
8598,김민희
8599,정상핵
8600,김서민
8601,전류건
8602,김지민
8603,이인환
8604,남현희
8605,박호환
8606,하다연
8607,문준호
8608,김지빈
8609,박상호
8610,유재연
8611,전순긴
8612,박재인
8613,김구균
8614,김세연
8615,이승흔
8616,박지지
8617,김원련
8618,김지연
8619,김정석
8620,김민영
8621,강진준
8622,윤호예
8623,김준석
8624,강의현
8625,이저수
8626,정유린
8627,이승영
8628,김도나
8629,장당연
8630,박저다
8631,김군재
8632,이유른
8633,박종원
8634,최수서
8635,박지력
8636,안유원
8637,김지현
8638,정수원
8639,최진한
8640,장지성
8641,이상민
8642,백예주
8643,김겅형
8644,노사진
8645,정겅우
8646,박혜연
8647,김지진
8648,이현래
8649,김성현
8650,김수린
8651,김면석
8652,손현서
8653,오재훈
8654,김연선
8655,허연준
8656,이미현
8657,최재연
8658,서유아
8659,김채희
8660,이서은
8661,이윤현
8662,오태주
8663,이성관
8664,임호아
8665,장영후
8666,정자인
8667,박우훅
8668,조지서
8669,윤현윤
8670,지시연
8671,장태훈
8672,이유영
8673,안영환
8674,김해린
8675,박견현
8676,이혜나
8677,박준호
8678,김나연
8679,신은우
8680,문민현
8681,이창현
8682,성민은
8683,정규준
8684,황채주
8685,김성형
8686,성시빈
8687,김윤제
8688,조다희
8689,배재긴
8690,정현진
8691,조진숭
8692,임주영
8693,송송현
8694,현선나
8695,전동우
8696,변태신
8697,정인모
8698,정새민
8699,이번우
8700,지효은
8701,강민현
8702,강다소
8703,김찬수
8704,손수은
8705,이병수
8706,이주주
8707,민용건
8708,한수현
8709,정경숙
8710,이혜빈
8711,임긴석
8712,강혜진
8713,김긴석
8714,남수인
8715,홍태엉
8716,임수진
8717,최규준
8718,이유라
8719,임당연
8720,김태아
8721,이만우
8722,염채은
8723,박영성
8724,장서연
8725,박승수
8726,진도전
8727,정민석
8728,손현은
8729,최벙숙
8730,백미혜
8731,김상환
8732,황사현
8733,정형현
8734,노다민
8735,김지운
8736,임다진
8737,이홍호
8738,이유운
8739,옥재민
8740,김다진
8741,배대현
8742,고가경
8743,김형현
8744,서세민
8745,박동민
8746,박유나
8747,한동희
8748,이세연
8749,이헝훈
8750,양수경
8751,조주우
8752,박시저
8753,이주훙
8754,이긍경
8755,임성운
8756,박세원
8757,박윤환
8758,양수현
8759,정종석
8760,오수전
8761,강경민
8762,박인희
8763,나경석
8764,정세연
8765,남세진
8766,이유경
8767,강긍몬
8768,박세예
8769,김시현
8770,나승서
8771,김성훈
8772,이서빈
8773,송형석
8774,김윤현
8775,권민연
8776,허지진
8777,정동형
8778,김시은
8779,김동은
8780,최윤윤
8781,문창혁
8782,이수원
8783,이선빔
8784,김미윤
8785,윤동호
8786,정재연
8787,김문헌
8788,이예연
8789,신동원
8790,정소연
8791,김동린
8792,이수연
8793,노동찬
8794,박서주
8795,김동번
8796,이지하
8797,한승진
8798,김서진
8799,김간균
8800,홍혀은
8801,양동현
8802,안연현
8803,윤태진
8804,백미연
8805,이도난
8806,하유혜
8807,박준헌
8808,김혜은
8809,임승준
8810,강채경
8811,최한범
8812,김저원
8813,손민노
8814,정소경
8815,우병주
8816,최주인
8817,최양우
8818,서소나
8819,이선재
8820,정은안
8821,장진현
8822,원시영
8823,신승지
8824,김모현
8825,박재운
8826,정나은
8827,장항요
8828,김최시
8829,박건헌
8830,정혀연
8831,신홍양
8832,강지연
8833,오찬후
8834,이저현
8835,김긴소
8836,임민주
8837,박전희
8838,권저전
8839,김현지
8840,최지현
8841,채창보
8842,김연현
8843,장겅성
8844,김채빈
8845,노동댁
8846,손소원
8847,신동찬
8848,민지라
8849,이연주
8850,김다주
8851,이호후
8852,이서현
8853,오조연
8854,한지린
8855,김동균
8856,김유수
8857,백정민
8858,현시연
8859,김홍현
8860,이주소
8861,양봉수
8862,임의주
8863,박정운
8864,심희우
8865,문준후
8866,박민라
8867,김효주
8868,최수주
8869,이수수
8870,이성연
8871,장용찬
8872,김다윤
8873,최강역
8874,이세민
8875,김민현
8876,김민은
8877,조재진
8878,유윤비
8879,손주환
8880,김예은
8881,장민성
8882,김서서
8883,박주진
8884,정채경
8885,정근인
8886,신애연
8887,박병택
8888,고서희
8889,남대훈
8890,남서희
8891,유재윤
8892,남은주
8893,김인우
8894,김슨은
8895,서병환
8896,김채연
8897,이준호
8898,주서빈
8899,김형운
8900,박소희
8901,김민현
8902,김호서
8903,박민주
8904,이서동
8905,전동연
8906,소수혜
8907,정리우
8908,전혜희
8909,이승진
8910,김다형
8911,오긴진
8912,방주나
8913,이연석
8914,윤지저
8915,박항원
8916,문은빈
8917,주용석
8918,최예민
8919,최겅몬
8920,이현경
8921,이성주
8922,이지연
8923,주성호
8924,조지원
8925,조세영
8926,왕민전
8927,유성준
8928,황다주
8929,신정유
8930,오혜민
8931,김연민
8932,정현린
8933,김재민
8934,김서늘
8935,김동석
8936,진수정
8937,장동성
8938,이지연
8939,최경환
8940,김소서
8941,이원희
8942,최민진
8943,김원훈
8944,박정리
8945,조민호
8946,구나민
8947,김성문
8948,이승빈
8949,김동진
8950,조지나
8951,이진민
8952,배지빈
8953,이형찬
8954,유유현
8955,김효료
8956,김저윤
8957,김면환
8958,박혜솔
8959,최주연
8960,조가진
8961,유항석
8962,김나은
8963,이대형
8964,김무원
8965,이영환
8966,김미연
8967,김동수
8968,황혜현
8969,최연민
8970,여현지
8971,김세규
8972,박가진
8973,최정현
8974,박미주
8975,장원민
8976,천다윤
8977,권문영
8978,양예원
8979,이진영
8980,박지연
8981,김진형
8982,이가우
8983,백원민
8984,송소리
8985,신성요
8986,박서서
8987,김상천
8988,홍어민
8989,안준호
8990,이서현
8991,김창원
8992,박재지
8993,박규준
8994,조유주
8995,박성석
8996,김혜현
8997,현전진
8998,이수혜
8999,송동원
9000,김희은
9001,김군성
9002,양민인
9003,이류훈
9004,정민혜
9005,김동문
9006,송하아
9007,임정민
9008,김가은
9009,이신재
9010,표수현
9011,김동훈
9012,전주린
9013,이승혼
9014,심해연
9015,신전번
9016,김이희
9017,권민균
9018,이주라
9019,민봉훈
9020,구지연
9021,최찬한
9022,이유빈
9023,허동인
9024,장지주
9025,박현홍
9026,김가린
9027,김홍민
9028,류주나
9029,홍현훈
9030,김은연
9031,임성수
9032,이혀저
9033,김형석
9034,유자서
9035,박상혁
9036,박소은
9037,강영소
9038,김채린
9039,허성벅
9040,김주주
9041,고유주
9042,김지은
9043,이지현
9044,김소진
9045,김세영
9046,유지은
9047,권형희
9048,이의연
9049,김호준
9050,홍하우
9051,김태영
9052,권서지
9053,강지운
9054,조윤나
9055,정민조
9056,서지지
9057,이동성
9058,최연연
9059,양몽호
9060,한유림
9061,김지민
9062,안수빈
9063,양찬규
9064,이은연
9065,박병한
9066,백차현
9067,김긴지
9068,강희빈
9069,박민용
9070,차주경
9071,강원원
9072,정수서
9073,김용현
9074,신서진
9075,남경재
9076,김시원
9077,서승민
9078,박기영
9079,고재환
9080,문채윤
9081,이윤문
9082,김조진
9083,정성현
9084,원승호
9085,라예연
9086,임저영
9087,홍정호
9088,김지연
9089,양성운
9090,송지우
9091,김준윤
9092,맹유연
9093,안당준
9094,서수연
9095,송종현
9096,김가희
9097,유상헌
9098,김미은
9099,금지민
9100,손서윤
9101,최희동
9102,한연빈
9103,박준순
9104,신윤진
9105,최동현
9106,김은경
9107,김용번
9108,안아진
9109,원시찬
9110,이주빈
9111,정유식
9112,박저빈
9113,백규운
9114,이지주
9115,이재민
9116,전유현
9117,윤영원
9118,정세희
9119,문수순
9120,조수희
9121,진주준
9122,손유진
9123,김현제
9124,윤혀주
9125,최규형
9126,배수은
9127,김휘석
9128,김현예
9129,김병순
9130,주하진
9131,정세운
9132,송은원
9133,김재찬
9134,함태서
9135,김경현
9136,박슨연
9137,이성태
9138,김채희
9139,김광원
9140,홍소원
9141,김동시
9142,석유미
9143,김균성
9144,서다현
9145,김동관
9146,이희연
9147,이재현
9148,박나연
9149,박승원
9150,윤지형
9151,장원민
9152,백예연
9153,안영성
9154,한시원
9155,서용훈
9156,정승진
9157,오민현
9158,백서연
9159,여주성
9160,박수민
9161,김홍현
9162,노수은
9163,전성현
9164,최소빈
9165,고영재
9166,김미은
9167,최세연
9168,김지진
9169,이진태
9170,이유연
9171,이상호
9172,박혜연
9173,조재원
9174,양가진
9175,정성훈
9176,임지지
9177,서지기
9178,정수민
9179,구영현
9180,김수연
9181,김희우
9182,김서희
9183,김유인
9184,박소서
9185,김강제
9186,유서현
9187,유태석
9188,정시희
9189,김구현
9190,황가진
9191,김연류
9192,강혜연
9193,신원제
9194,이민미
9195,권동청
9196,장지빈
9197,김성한
9198,조세저
9199,이인민
9200,박도서
9201,박필현
9202,이주솔
9203,강방영
9204,최윤진
9205,정상현
9206,안서은
9207,이벙민
9208,최태효
9209,김송준
9210,이근윤
9211,김천범
9212,김은연
9213,서도혼
9214,이다연
9215,황현진
9216,이서연
9217,도정민
9218,권지진
9219,유주빈
9220,김지현
9221,김진번
9222,윤혜빈
9223,이재현
9224,전민화
9225,김현규
9226,이주린
9227,정운훈
9228,김새연
9229,박성운
9230,백하운
9231,최홍석
9232,김예진
9233,정희진
9234,김긍주
9235,김중진
9236,김규은
9237,윤조윤
9238,김민연
9239,윤성희
9240,권세경
9241,유승민
9242,윤이경
9243,김민현
9244,김수빈
9245,박성선
9246,박시민
9247,유병현
9248,정승은
9249,윤이조
9250,정수현
9251,허창유
9252,정희원
9253,김현수
9254,정지지
9255,위동주
9256,이새서
9257,김태신
9258,이지정
9259,정민재
9260,이세윤
9261,강승호
9262,이소현
9263,김조호
9264,신규인
9265,신현수
9266,임애윤
9267,안성규
9268,신민민
9269,김성관
9270,은미운
9271,한전민
9272,조예진
9273,유동훈
9274,심저원
9275,이광은
9276,신초연
9277,이창준
9278,안미린
9279,최준준
9280,이유빈
9281,손시용
9282,허주진
9283,이정견
9284,장채진
9285,이문성
9286,안수빈
9287,양동민
9288,여재하
9289,안진규
9290,이유연
9291,김상순
9292,이태민
9293,김인환
9294,유주동
9295,권준민
9296,김서희
9297,박주오
9298,홍유진
9299,박민준
9300,정주은
9301,임형한
9302,이지은
9303,이성현
9304,우수빈
9305,이성인
9306,한모화
9307,성치우
9308,박예은
9309,김제현
9310,박도현
9311,김현순
9312,한희서
9313,이한연
9314,김혜현
9315,차문호
9316,김민진
9317,정성운
9318,김채정
9319,박청원
9320,지보연
9321,이군현
9322,김주저
9323,이창성
9324,박저원
9325,오벙현
9326,이주원
9327,강횽운
9328,박하경
9329,박민성
9330,고주연
9331,오주수
9332,김초아
9333,정굥력
9334,오민은
9335,이승견
9336,정수은
9337,김형진
9338,황유은
9339,강사성
9340,이유진
9341,박문석
9342,조하민
9343,최동환
9344,유유은
9345,이현석
9346,박원희
9347,정연연
9348,서지윤
9349,이민재
9350,권예나
9351,김승홍
9352,임수혜
9353,방홍규
9354,반소전
9355,함준선
9356,서효연
9357,문슨민
9358,안가연
9359,강주석
9360,이소아
9361,김형호
9362,유주원
9363,이준환
9364,박진현
9365,노승호
9366,김서영
9367,이순준
9368,임지린
9369,김홍우
9370,양지현
9371,정경연
9372,김서현
9373,권봉현
9374,홍지진
9375,노현주
9376,김세윤
9377,장윤관
9378,김세재
9379,임재준
9380,장서은
9381,황영운
9382,김차저
9383,이간환
9384,김시인
9385,금수서
9386,박지원
9387,김운규
9388,권수연
9389,유지호
9390,김보원
9391,김정환
9392,최지민
9393,이긴성
9394,김지윤
9395,김병허
9396,이지은
9397,강문하
9398,김민진
9399,한인억
9400,한지주
9401,김진태
9402,안주원
9403,황성민
9404,박혜민
9405,박겅재
9406,박어진
9407,이상규
9408,서희인
9409,박준하
9410,윤미빈
9411,김진규
9412,박도우
9413,김진석
9414,남예진
9415,최형호
9416,김수라
9417,김윤석
9418,이저연
9419,이이현
9420,김민재
9421,김겅운
9422,강지은
9423,정원호
9424,최의현
9425,최민준
9426,전유하
9427,김용민
9428,이하린
9429,임현민
9430,민은희
9431,윤태후
9432,유세리
9433,손한긴
9434,박서현
9435,정찬형
9436,이지현
9437,최인혁
9438,김다연
9439,윤준우
9440,우예원
9441,이동형
9442,이지아
9443,김원호
9444,정예서
9445,김형슨
9446,최성정
9447,이형순
9448,임소연
9449,유겅준
9450,김소현
9451,홍민운
9452,정소원
9453,손친현
9454,김이비
9455,윤호성
9456,조예지
9457,김영재
9458,최지진
9459,김희수
9460,임은아
9461,이창재
9462,최다은
9463,박정우
9464,전보진
9465,김승재
9466,이연희
9467,문원준
9468,김오은
9469,구기원
9470,김예연
9471,이정호
9472,김서연
9473,유지민
9474,양아정
9475,김호호
9476,김소은
9477,김봉훈
9478,송은은
9479,서성환
9480,김채희
9481,김창환
9482,김지주
9483,정문신
9484,윤유연
9485,임진경
9486,이가윤
9487,장랑원
9488,이현윤
9489,지유원
9490,김서은
9491,황호재
9492,이세은
9493,백원석
9494,박주수
9495,박재재
9496,심다주
9497,이성재
9498,황지연
9499,권민현
9500,장유린
9501,임동빈
9502,이민민
9503,박문원
9504,임유서
9505,김동교
9506,김다진
9507,임현민
9508,최소주
9509,강성준
9510,김아현
9511,천동훅
9512,정하아
9513,정민수
9514,이주민
9515,김선후
9516,신예연
9517,조유원
9518,박가연
9519,김동숙
9520,이예연
9521,조창성
9522,한태연
9523,이승진
9524,권서원
9525,김현규
9526,김소미
9527,박진혼
9528,곽나경
9529,이민한
9530,주유연
9531,윤준원
9532,고민경
9533,손현관
9534,강지주
9535,김민은
9536,유소겅
9537,현전인
9538,이소아
9539,이준원
9540,김지연
9541,이태우
9542,김서이
9543,이광준
9544,배다진
9545,연태조
9546,김소정
9547,박의윤
9548,손균정
9549,차문현
9550,조재현
9551,김동호
9552,주혜서
9553,채창홍
9554,마하지
9555,최형훈
9556,차연은
9557,김현완
9558,심지린
9559,전민민
9560,장수원
9561,김진현
9562,강민비
9563,윤재베
9564,김연인
9565,허현보
9566,홍아윤
9567,전연혼
9568,박지연
9569,최상균
9570,이예빈
9571,이현석
9572,심보현
9573,오진훈
9574,홍서서
9575,이성빈
9576,이희수
9577,정윤운
9578,김예진
9579,이승석
9580,정연원
9581,안긍현
9582,여보원
9583,임민번
9584,하세운
9585,김경연
9586,김현민
9587,장요호
9588,김주혜
9589,육승훈
9590,장소주
9591,김성석
9592,박채원
9593,강정훈
9594,김은원
9595,하중환
9596,김서안
9597,이성호
9598,장유빈
9599,홍연민
9600,김현원
9601,정홍현
9602,박가연
9603,유윤환
9604,지채민
9605,이동서
9606,권아연
9607,송재수
9608,안지원
9609,이용민
9610,이수연
9611,박창균
9612,차주민
9613,양세석
9614,김주현
9615,김응원
9616,홍가서
9617,김성진
9618,정나리
9619,김성운
9620,김유린
9621,황인호
9622,김세은
9623,김태환
9624,김세민
9625,장성훈
9626,김아원
9627,문현운
9628,현채현
9629,유동환
9630,서소효
9631,조정서
9632,여서영
9633,백원현
9634,임소원
9635,구고현
9636,이미연
9637,김산모
9638,최현서
9639,김정섭
9640,전하진
9641,박성환
9642,공슨연
9643,강재호
9644,이세연
9645,서규연
9646,김채예
9647,이태리
9648,김지지
9649,양해희
9650,조민진
9651,이성규
9652,김예솔
9653,이민호
9654,성연원
9655,이재석
9656,서수현
9657,하성후
9658,지혜원
9659,박상연
9660,김서경
9661,최종인
9662,심무지
9663,조횽규
9664,신민진
9665,김동원
9666,김민은
9667,이벙우
9668,송수윤
9669,정승유
9670,김태은
9671,한형주
9672,박리윤
9673,주제수
9674,송세민
9675,김대호
9676,최태저
9677,방정영
9678,양지민
9679,허태훈
9680,신혜희
9681,이용번
9682,김유진
9683,양성준
9684,김아경
9685,이형지
9686,이지예
9687,서상규
9688,서현나
9689,고재진
9690,천은진
9691,정민현
9692,박지은
9693,노정현
9694,김나늘
9695,양균원
9696,이푸린
9697,김태문
9698,유혜은
9699,이세로
9700,강희서
9701,곽경하
9702,김예인
9703,박주주
9704,김유우
9705,우횽호
9706,김유원
9707,안대원
9708,김효아
9709,박주제
9710,강보원
9711,권태연
9712,이성연
9713,이태범
9714,김수연
9715,임병민
9716,김보민
9717,권겅현
9718,김보연
9719,신요준
9720,김희경
9721,최명우
9722,김혜빈
9723,박진민
9724,최희연
9725,성재긴
9726,박소연
9727,조연준
9728,정혜영
9729,박민건
9730,홍태아
9731,임태규
9732,이소영
9733,김민형
9734,차은라
9735,고한연
9736,김지현
9737,서정도
9738,신승다
9739,곽준운
9740,조사라
9741,이강근
9742,김연혜
9743,김경석
9744,김윤원
9745,최승원
9746,이저현
9747,임재제
9748,김민은
9749,권유민
9750,임세빈
9751,김장혁
9752,고서연
9753,김도민
9754,유시연
9755,이병긴
9756,지소현
9757,장민형
9758,임서인
9759,서용구
9760,박효은
9761,박영재
9762,이서지
9763,김지준
9764,유수연
9765,유민현
9766,이승연
9767,박호군
9768,이아원
9769,노병환
9770,조민윤
9771,노홍상
9772,임태준
9773,조세석
9774,최지림
9775,문기삭
9776,김수현
9777,김현석
9778,서혜서
9779,최광오
9780,심서빈
9781,정성민
9782,최다아
9783,박준민
9784,김채원
9785,박희민
9786,박수지
9787,신태력
9788,유저은
9789,윤성진
9790,강세은
9791,이중횽
9792,최수경
9793,이동헝
9794,정유은
9795,홍재석
9796,문혜민
9797,김태옹
9798,이현연
9799,김성현
9800,이윤전
9801,원찬성
9802,김하빈
9803,황희진
9804,이다진
9805,이승민
9806,백주연
9807,김조성
9808,이은원
9809,윤성희
9810,마지영
9811,조순찬
9812,조태민
9813,이균준
9814,안서경
9815,김병준
9816,한희연
9817,전유원
9818,박유은
9819,신재운
9820,한민현
9821,이환현
9822,임소안
9823,천제윤
9824,천다이
9825,윤영조
9826,이소형
9827,방상호
9828,김수진
9829,김정호
9830,김수린
9831,정정운
9832,이채연
9833,이창환
9834,유소라
9835,김재빈
9836,김예서
9837,김병격
9838,이미저
9839,정재훈
9840,이현연
9841,한홍원
9842,윤주연
9843,이운번
9844,신의수
9845,이중재
9846,박혜은
9847,김진형
9848,구소주
9849,유동운
9850,최소원
9851,신주호
9852,신수진
9853,최우용
9854,김도빈
9855,서운희
9856,배민림
9857,정원우
9858,주지민
9859,김규준
9860,황희주
9861,임태운
9862,신보진
9863,윤진현
9864,이유인
9865,김진준
9866,김현경
9867,나준운
9868,신고현
9869,장신호
9870,이유경
9871,김정원
9872,강희우
9873,김균성
9874,최예진
9875,이운승
9876,정태련
9877,박태현
9878,박새재
9879,김세영
9880,김애저
9881,구상인
9882,이주경
9883,박현덕
9884,장시원
9885,손연민
9886,김민저
9887,박잔건
9888,류주원
9889,이지창
9890,홍은빈
9891,최연현
9892,황소서
9893,김인영
9894,이규민
9895,신형찬
9896,조민형
9897,이지원
9898,류하연
9899,김재문
9900,유승은
9901,배견현
9902,장규현
9903,이민훈
9904,공서저
9905,김면배
9906,김현현
9907,오용성
9908,심미주
9909,곽성현
9910,김서희
9911,류원운
9912,안다연
9913,장대로
9914,김민영
9915,김동헌
9916,최유나
9917,박광호
9918,이윤희
9919,이우현
9920,정지주
9921,조승신
9922,이지연
9923,고성진
9924,김서원
9925,유군균
9926,강한빈
9927,김궁빔
9928,김시우
9929,고민닥
9930,김주현
9931,이도우
9932,이다주
9933,김형인
9934,민유린
9935,남준민
9936,이저빈
9937,박영현
9938,이유연
9939,황동연
9940,박태저
9941,조원혁
9942,이민주
9943,이현근
9944,윤저이
9945,송동헌
9946,허성지
9947,김관찬
9948,최인윤
9949,최동관
9950,이서연
9951,장숭용
9952,정윤은
9953,이재새
9954,홍다연
9955,이영시
9956,양다원
9957,김응숭
9958,전소준
9959,백산연
9960,김서진
9961,윤망견
9962,김시진
9963,김형수
9964,이사영
9965,정제한
9966,정리진
9967,권경긴
9968,오유은
9969,유상한
9970,조유빈
9971,박성연
9972,김소윤
9973,권이연
9974,정하은
9975,서승민
9976,곽예원
9977,함성후
9978,인시예
9979,이인민
9980,김나빈
9981,배재혁
9982,김시빈
9983,정준석
9984,박아원
9985,남봉연
9986,오예인
9987,장신환
9988,김유빈
9989,김현정
9990,조민주
9991,김정우
9992,김채주
9993,문영원
9994,서다안
9995,여주호
9996,김서양
9997,주태긴
9998,최지주
9999,임응인
